AVMT,Road_Name,FREQUENCY,COUNT_crashreport_corrected_XYTableToPoint_Person_ID
0.0013,OLD HUNDRED RD,2,2
0.0018,OLD HUNDRED RD,2,2
0.0031,CLARA BARTON PKENWORTHY,2,2
0.0035,QUINCE ORCHARD RD,5,5
0.0051,E RANDOLPH RD,1,1
0.0059,OLD GEORGETOWN RD,8,8
0.008,CHERRY HILL RD,2,2
0.008,RAMP 2 FR CHERRY HILL RD WB TO US 29 NB,1,1
0.0094,OLD GEORGETOWN RD,6,6
0.0114,SHADY GROVE RD,4,4
0.0131,COLUMBIA PIKE,2,2
0.0139,COLUMBIA PIKE,1,1
0.014,SHADY GROVE RD,4,4
0.014,W MONTGOMERY AVE,3,3
0.0148,LAYHILL RD,2,2
0.0149,FAIRLAND RD,2,2
0.0161,SHADY GROVE RD,2,2
0.0162,OLD GEORGETOWN RD,1,1
0.0162,SANDY SPRING RD,2,2
0.0163,RAMP 5 FR MD 187 SB TO RAMP 4 (TO IS495),1,1
0.0165,GEORGIA AVE,2,2
0.0165,NEW HAMPSHIRE AVE,2,2
0.0168,OLD HUNDRED RD,6,6
0.0171,FREDERICK RD,2,2
0.0171,RAMP 2 FR RP 7 (FR IS370 WB) TO MD355 NB,2,2
0.0195,CHERRY HILL RD,2,2
0.0212,CLARKSBURG RD,2,2
0.0217,OLD GEORGETOWN RD,2,2
0.0221,UNISSANVERSITY BLVD E,5,5
0.0248,GERMANTOWN RD,1,1
0.0254,GERMANTOWN RD,4,4
0.0273,COLUMBIA PIKE,2,2
0.0278,BEACH DR,2,2
0.028,CHERRY HILL RD,4,4
0.0283,SHADY GROVE RD,9,9
0.031,S HORNERS LA,1,1
0.0325,LAYHILL RD,1,1
0.0333,SHADY GROVE RD,17,17
0.0344,GEORGIA AVE,6,6
0.0344,JUDSON RD,2,2
0.0344,SHERATON ST,2,2
0.0351,SANDY SPRING RD,2,2
0.036,NEW HAMPSHIRE AVE,6,6
0.0369,ROCKLEDGE BLVD,3,3
0.0369,ROCKLEDGE DR,3,3
0.0379,SHADY GROVE RD,5,5
0.0386,,4,4
0.0386,FLEET ST,4,4
0.0386,JEFFERSON PLAZA,3,3
0.0386,OLD GEORGETOWN RD,2,2
0.0386,ROCKVILLE PIKE,2,2
0.0411,RAMP 6 FR MD 117 EB TO IS 270 SB,2,2
0.0411,RAMP 7 FR MD 117 WB TO RAMP 6 (TO IS270),2,2
0.0411,W DIAMOND AVE,12,12
0.0434,RIVER RD,5,5
0.0439,W MONTGOMERY AVE,2,2
0.0448,NEW HAMPSHIRE AVE,8,8
0.0448,UNKNOWNRCOUNTY CONNECTOR,2,2
0.0459,RIVER RD,4,4
0.0496,EISENHOWER MEMORIAL HWY,4,4
0.0504,QUINCE ORCHARD RD,4,4
0.0517,QUINCE ORCHARD RD,1,1
0.0519,GEORGIA AVE,6,6
0.0522,CAPITAL BELTWAY,2,2
0.0525,OLD GEORGETOWN RD,14,14
0.0552,MIDDLEBROOK RD,9,9
0.0558,PARK RD,2,2
0.0559,GERMANTOWN RD,4,4
0.0574,,1,1
0.0593,OLD GEORGETOWN RD,1,1
0.0596,CONGRESSIONAL LA,2,2
0.0596,RITCHIE PKENWORTHY,1,1
0.0596,ROCKVILLE PIKE,14,14
0.0596,VEIRS MILL RD,1,1
0.0611,CONNECTICUT AVE,4,4
0.0611,DELAWARE ST,1,1
0.0611,SHEPHERD ST,2,2
0.0634,SHADY GROVE RD,6,6
0.0643,COLUMBIA PIKE,3,3
0.0645,SHADY GROVE RD,2,2
0.0667,,2,2
0.0681,,1,1
0.0682,,1,1
0.0685,GEORGIA AVE,19,19
0.0685,RAMP 7 FR RAMP 2 (FR IS 495) TO MD 97 SB,4,4
0.0718,RAMP 8 FR IS 270 SB TO MD 124 WB,1,1
0.0742,OLD GEORGETOWN RD,12,12
0.0749,UNKNOWNRCOUNTY CONNECTOR,1,1
0.0763,VEIRS MILL RD,2,2
0.0813,RAMP 2 FR MD 189 WB TO RAMP 3 (TO IS270),1,1
0.0821,EISENHOWER MEMORIAL HWY,4,4
0.0845,ROCKVILLE PIKE,3,3
0.0902,COLUMBIA PIKE,1,1
0.0915,CARROLL AVE,2,2
0.0915,RAMP 6 FR MONTROSE RD TO MD 355 SB,1,1
0.0915,ROCKVILLE PIKE,2,2
0.0949,,4,4
0.0949,CEDAR AVE,1,1
0.0949,CHRISTOPHER AVE,4,4
0.0949,FIELDS RD,2,2
0.0949,FREDERICK RD,2,2
0.0949,FULKS CORNER AVE,2,2
0.0949,KENACURAANDS BLVD,2,2
0.0949,LAKE FOREST BLVD,2,2
0.0949,MONTGOMERY VILLAGE AVE,4,4
0.0949,OLDE TOWNE AVE,2,2
0.0949,S FREDERICK RD,2,2
0.0949,W DIAMOND AVE,3,3
0.0954,NEW HAMPSHIRE AVE,2,2
0.0973,CAPITAL BELTWAY,4,4
0.0973,GEORGIA AVE,14,14
0.0977,,1,1
0.1041,DEMOCRACY BLVD,4,4
0.1043,NEW HAMPSHIRE AVE,6,6
0.1064,COLUMBIA PIKE,1,1
0.1071,,1,1
0.1071,NEW HAMPSHIRE AVE,1,1
0.108,BRIGGS CHANEY RD,4,4
0.1157,MACARTHUR BLVD,1,1
0.1157,RAMP 3 FR MD 190 EB TO RAMP 2 (TO IS495),1,1
0.1206,CLARKSBURG RD,2,2
0.1206,STRINGTOWN RD,2,2
0.1217,DEMOCRACY BLVD,4,4
0.1237,FATHER HURLEY BLVD,13,13
0.1237,RIDGE RD,8,8
0.1254,GERMANTOWN RD,2,2
0.1295,METRO ACCESS RD,2,2
0.1307,CAPITAL BELTWAY,1,1
0.1363,WHELAN LA,1,1
0.1407,,2,2
0.1407,HUNGERFORD DR,1,1
0.1407,MONROE PL,5,5
0.1407,ROCKVILLE PIKE,2,2
0.1425,CAPITAL BELTWAY,1,1
0.1561,COLESVILLE RD,5,5
0.1561,SPENCERVILLE RD,2,2
0.1563,FATHER HURLEY BLVD,6,6
0.1563,FREDERICK RD,2,2
0.1628,SAM EIG HWY,3,3
0.1628,WASHINGTONISSANAN BLVD,7,7
0.1633,TWINBROOK PKENWORTHY,1,1
0.1645,MIDDLEBROOK RD,3,3
0.1645,RAMP 6 FR MIDDLEBROOK RD EB TO IS 270 SB,2,2
0.1696,GEORGIA AVE,2,2
0.1738,HUNGERFORD DR,3,3
0.1739,CENTRAL AVE,2,2
0.1739,E DEER PARK DR,4,4
0.1739,GROVE ST,3,3
0.1739,RAILROAD ST,4,4
0.1766,DEBORAH DR,1,1
0.1792,CONNECTICUT AVE,2,2
0.18,,1,1
0.18,FREDERICK AVE,1,1
0.18,HUNGERFORD DR,2,2
0.1803,CONNECTICUT AVE,2,2
0.1805,OLD HUNDRED RD,5,5
0.1853,FALLS RD,1,1
0.1882,CAPITAL BELTWAY,1,1
0.1882,GEORGIA AVE,4,4
0.1882,RAMP 3 FR IS 495 EB TO MD 97 NB,1,1
0.1891,BRADLEY BLVD,4,4
0.1891,LELAND ST,3,3
0.1953,COLUMBIA BLVD,4,4
0.1953,GEORGIA AVE,7,7
0.2066,NEWCASACURAE AVE,1,1
0.2106,W MONTGOMERY AVE,2,2
0.2117,RAMP 4 FR US 29 NB TO CHERRY HILL RD EB,2,2
0.2153,EISENHOWER MEMORIAL HWY,2,2
0.2163,DEMOCRACY BLVD,4,4
0.2199,ANDERSON AVE,2,2
0.2201,RAMP 4 FR RAMP 1 TO SHADY GROVE RD,2,2
0.2214,HARDY AVE,2,2
0.2214,JUDSON RD,2,2
0.2214,PARKER AVE,1,1
0.2214,RANDOLPH RD,1,1
0.2237,CONNECTICUT AVE,5,5
0.2301,RAMP FROM I495,2,2
0.2313,LAYHILL RD,2,2
0.232,NO NAME,2,2
0.232,WESACURAAKE TERR,2,2
0.2363,,1,1
0.2363,RIDGE RD,1,1
0.2379,SHADY GROVE RD,4,4
0.2425,CHERRY AVE,1,1
0.2425,FLOWER AVE,7,7
0.2425,JACKSON AVE,1,1
0.2438,SNOWDEN FARM PKENWORTHY,8,8
0.2438,SNOWDEN FARM PKENWORTHY (PROP),2,2
0.2508,CAPITAL BELTWAY,8,8
0.2508,CONNECTICUT AVE,4,4
0.2508,RAMP 6 FR RAMP 3 (FR IS495) TO MD 185 SB,2,2
0.2573,GLEN MILL RD,3,3
0.2607,HALPINE RD,3,3
0.2617,CAPITAL BELTWAY,2,2
0.2617,RAMP 4 FR IS 270 NB TO MD 189 EB,2,2
0.2663,QUINCE ORCHARD RD,8,8
0.2667,DEMOCRACY BLVD,1,1
0.2713,FATHER HURLEY BLVD,1,1
0.2713,RIDGE RD,2,2
0.2748,RAMP 2 FR DEMOCRACY BLVD TO IS 270Y NB,2,2
0.2771,FOREST GLEN RD,1,1
0.2771,LINDEN LA,2,2
0.2777,EISENHOWER MEMORIAL HWY,6,6
0.2777,RAMP 5 FR IS 270 SB TO SHADY GROVE RD,2,2
0.2821,WASHINGTONISSANAN BLVD,4,4
0.2851,RAMP 9 FR RAMP 1 TO REDLAND BLVD,2,2
0.2859,COLUMBIA PIKE,2,2
0.2861,COLUMBIA PIKE,7,7
0.2861,RAMP 5 FR US 29 SB TO BRIGGS CHANEY RD,2,2
0.2928,CAPITAL BELTWAY,2,2
0.2928,GEORGIA AVE,4,4
0.2928,RAMP 3 FR IS 495 EB TO MD 97 NB,1,1
0.2928,RAMP 4 FR MD 97 NB TO IS 495 EB,1,1
0.2939,,1,1
0.2939,LITACURAE FALLS PKENWORTHY,2,2
0.2943,EISENHOWER MEMORIAL HWY,1,1
0.296,RAMP 3 FR RIDGE RD EB TO IS 270 NB,1,1
0.2968,,2,2
0.2968,FLINT ROCK RD,2,2
0.3011,OLD GEORGETOWN RD,2,2
0.3055,BROOKSIDE DR,2,2
0.3055,DORSET AVE,3,3
0.3056,RAMP 6 FR RP 3 (FR MD200 EB) TO MD97 SB,1,1
0.3056,UNKNOWNRCOUNTY CONNECTOR,2,2
0.309,RAMP 1 FR IS 270 NB TO IS 370 WB,1,1
0.3099,CEDAR ST,1,1
0.3099,COLESVILLE RD,10,10
0.3099,SPRING ST,6,6
0.3111,LITACURAETON ST,1,1
0.3111,RANDOLPH RD,12,12
0.3111,UNKNOWNHEY DR,4,4
0.3111,VEIRS MILL RD,2,2
0.3111,VEIRS MILL SERV RD,2,2
0.3119,COLUMBIA PIKE,4,4
0.3119,FATHER HURLEY BLVD,1,1
0.3121,QUINCE ORCHARD RD,2,2
0.313,BOSWELL LA,1,1
0.313,PINEY MEETINGHOUSE RD,2,2
0.3148,COLUMBIA PIKE,3,3
0.3173,RAMP 6 FR IS 495 EB TO MD 187 SB,2,2
0.3216,FREDERICK RD,2,2
0.3216,NO NAME,2,2
0.3216,SAM EIG HWY,1,1
0.3216,UNKNOWNRCOUNTY CONNECTOR,1,1
0.3245,KINGSTEAD RD,6,6
0.3256,NEW HAMPSHIRE AVE,7,7
0.3261,BRIGGS CHANEY RD,7,7
0.3261,COLUMBIA PIKE,1,1
0.3306,TUCKER LA,2,2
0.3308,GEORGIA AVE,22,22
0.3308,GEORGIA AVENUE,1,1
0.3333,BYRON ST,1,1
0.3333,GEORGIA AVE,6,6
0.3333,PARKER AVE,3,3
0.3385,FREDERICK RD,2,2
0.3385,LITACURAE SENECA PKENWORTHY,2,2
0.3386,UNISSANVERSITY BLVD E,7,7
0.3389,CAPITAL BELTWAY,4,4
0.3389,GEORGIA AVE,3,3
0.3419,UNISSANVERSITY BLVD E,9,9
0.3456,HOWARD CHAPEL DR,2,2
0.3479,BRIGGS CHANEY RD,2,2
0.3499,SHADY GROVE RD,1,1
0.3503,,1,1
0.3503,NEWCUT RD,11,11
0.3503,NEWCUT ROAD,1,1
0.3504,COLUMBIA PIKE,4,4
0.3514,RIDGEFIELD RD,2,2
0.3514,RIVER RD,8,8
0.3514,SPRINGFIELD DR,2,2
0.3541,BRIGGS CHANEY RD,4,4
0.3541,COLUMBIA PIKE,6,6
0.3541,UNKNOWNRCOUNTY CONNECTOR,1,1
0.361,OLD BALTIMORE RD,1,1
0.361,OWENS RD,2,2
0.3611,RAMP 8 FR IS 270 SB TO MD 118 WB,1,1
0.3635,COLUMBIA PIKE,1,1
0.3642,BEACH DR,2,2
0.3642,WEXFORD DR,1,1
0.3673,BRUNSWICK AVE,2,2
0.3683,QUINCE ORCHARD RD,8,8
0.3686,NEWPORT MILL RD,1,1
0.3686,PARKER AVE,2,2
0.3686,VEIRS MILL RD,7,7
0.3727,RAMP 5 FR IS 270 SB TO MD 28 EB,1,1
0.3727,RIO BLVD,2,2
0.3757,COLUMBIA PIKE,23,23
0.3778,EISENHOWER MEMORIAL HWY,1,1
0.3778,RAMP 3 FR MD 189 EB TO IS 270 NB,2,2
0.3793,TAKOMA AVE,1,1
0.3879,,1,1
0.3879,RITCHIE PKENWORTHY,3,3
0.3953,,3,3
0.3953,ARDENNES AVE,5,5
0.3953,CHAPMAN AVE,2,2
0.3953,ROCKVILLE PIKE,2,2
0.3953,VEIRS MILL RD,4,4
0.3955,CAPITAL BELTWAY,5,5
0.3955,HUNGERFORD DR,2,2
0.3955,ROCKVILLE PIKE,2,2
0.3963,BALTIMORE RD,2,2
0.3963,PARK RD,8,8
0.3963,S STONESTREET AVE,2,2
0.3987,,2,2
0.3987,ELTON RD,12,12
0.3987,NEW HAMPSHIRE AVE,16,16
0.3989,NEW HAMPSHIRE AVE,2,2
0.405,CAPITAL BELTWAY,2,2
0.4084,RIVER RD,2,2
0.4109,EISENHOWER MEMORIAL HWY,1,1
0.4109,RAMP 4 FR IS 270 NB TO MIDDLEBROOK RD EB,3,3
0.412,SHADY GROVE RD,2,2
0.4191,EISENHOWER MEMORIAL HWY,1,1
0.4195,,4,4
0.4195,SAM EIG HWY,2,2
0.4277,CAPITAL BELTWAY,2,2
0.4297,CAPITAL BELTWAY,2,2
0.4297,GEORGIA AVE,7,7
0.4314,EISENHOWER MEMORIAL HWY,2,2
0.4326,COMMERCEDES-BENZE LA,2,2
0.4326,EAST WEST HWY (W/B COUPLET),2,2
0.4326,OLD GEORGETOWN RD,13,13
0.4326,WISCONSIN AVE,8,8
0.4326,WOODMONT AVE,1,1
0.4351,COLUMBIA PIKE,7,7
0.4366,NEW HAMPSHIRE AVE,7,7
0.4405,NO NAME,1,1
0.4528,,1,1
0.4528,EXECUTIVE BLVD,2,2
0.4528,MARINELLI RD,2,2
0.4528,ROCKVILLE PIKE,2,2
0.4576,CONNECTICUT AVE,2,2
0.4626,CEDAR AVE,12,12
0.4626,S FREDERICK RD,2,2
0.4652,SKYLARK RD,1,1
0.4653,ROCKVILLE PIKE,2,2
0.4667,EISENHOWER MEMORIAL HWY,1,1
0.4698,CAPITAL BELTWAY,1,1
0.4698,NEW HAMPSHIRE AVE,8,8
0.4698,RAMP 2 FR IS 495 WB TO MD 650 NB,2,2
0.4698,RAMP 7 FR IS 495 WB TO MD 650 SB,1,1
0.4709,,1,1
0.4709,SHADY GROVE RD,9,9
0.4725,KINGS VALLEY RD,1,1
0.477,MONTROSE RD,10,10
0.4845,UNISSANVERSITY BLVD E,4,4
0.4868,VICTORY LA,2,2
0.4873,BEECH AVE,8,8
0.4873,JOHNSON AVE,1,1
0.4873,LINDALE DR,2,2
0.4885,FATHER HURLEY BLVD,3,3
0.4888,EISENHOWER MEMORIAL HWY,7,7
0.4888,SHADY GROVE RD,3,3
0.4888,WEST SIDE DR,1,1
0.4894,EISENHOWER MEMORIAL HWY,1,1
0.4901,RAMP 8 FR MD 187 SB TO RAMP 9 (TO IS270),2,2
0.492,WILMETT RD,5,5
0.4928,GEORGIA AVE,4,4
0.4974,EISENHOWER MEMORIAL HWY,1,1
0.4978,CAPITAL BELTWAY,2,2
0.5043,MERRIMAC DR,9,9
0.5043,UNISSANVERSITY BLVD E,34,34
0.508,MONTGOMERY LA,4,4
0.508,WISCONSIN AVE,6,6
0.508,WOODMONT AVE,6,6
0.5146,BROADWOOD DR,1,1
0.5146,EDMONSTON DR,3,3
0.5146,MAPLE AVE,1,1
0.5146,VEIRS MILL RD,3,3
0.515,GEORGIA AVE,2,2
0.515,GOLD MINE RD,1,1
0.5164,NEW HAMPSHIRE AVE,15,15
0.5164,RAMP 6 FR IS 495 EB TO MD 650 SB,2,2
0.5256,EISENHOWER MEMORIAL HWY,2,2
0.5256,GERMANTOWN RD,4,4
0.531,NEWPORT MILL RD,5,5
0.531,UNISSANVERSITY BLVD W,2,2
0.5312,LONGMEAD CROSSING DR,1,1
0.5312,NORBECK RD,2,2
0.5312,WUNKNOWNRGATE DR,1,1
0.5373,LYTTONSVILLE RD,2,2
0.5395,W EDMONSTON DR,5,5
0.5395,WOOTTON PKENWORTHY,5,5
0.5397,EISENHOWER MEMORIAL HWY,4,4
0.5397,QUINCE ORCHARD RD,3,3
0.5401,SHADY GROVE RD,2,2
0.5508,HILLANDALE RD,1,1
0.5524,,2,2
0.5524,COLESVILLE RD,21,21
0.5524,LANARK WAY,1,1
0.5524,LORAIN AVE,2,2
0.5524,PINEY BRANCH RD,2,2
0.5524,UNISSANVERSITY BLVD E,2,2
0.5524,UNISSANVERSITY BLVD W,15,15
0.5553,MONTROSE RD,4,4
0.5553,RAMP 5 FR IS 270 SB TO MD 927 EB,1,1
0.5554,COLUMBIA PIKE,8,8
0.5554,NEW HAMPSHIRE AVE,2,2
0.56,CAPITAL BELTWAY,2,2
0.5619,SHADY GROVE RD,3,3
0.5625,ROCKLEDGE BLVD,11,11
0.5662,RAMP 5 FR RAMP 8 TO FATHER HURLEY BLVD,2,2
0.5665,WOODHAVEN BLVD,4,4
0.5678,RIVER RD,2,2
0.575,ELM ST,2,2
0.575,MILLER AVE,1,1
0.575,WISCONSIN AVE,6,6
0.575,WOODMONT AVE,14,14
0.5758,,1,1
0.5758,BETHESDA CHURCH RD,6,6
0.5758,RIDGE RD,2,2
0.5758,WOODFIELD RD,7,7
0.5781,COLUMBIA PIKE,2,2
0.5788,RAMP 2 FR MD 28 WB TO IS 270 NB,1,1
0.5788,W MONTGOMERY AVE,3,3
0.587,CAPITAL BELTWAY,2,2
0.587,RIVER RD,2,2
0.5878,EISENHOWER MEMORIAL HWY,1,1
0.5941,GEORGIA AVE,2,2
0.5961,CRABBS BRANCH WAY,4,4
0.5961,INDIANOLA DR,4,4
0.597,,1,1
0.597,AVERY RD,5,5
0.597,NORBECK RD,7,7
0.597,RAMP 4 FR IS 270 NB TO MD 121 EB,1,1
0.597,UNISSANVERSITY BLVD E,2,2
0.6059,BROSCHART RD,2,2
0.6118,RAMP 1 FR IS 270 NB TO SHADY GROVE RD WB,2,2
0.6118,SHADY GROVE RD,21,21
0.6151,CEDAR LA,7,7
0.6151,ROCKVILLE PIKE,10,10
0.616,BLOOMFIELD RD,2,2
0.616,GEORGIA AVE,2,2
0.616,HERITAGE HILLS DR,5,5
0.616,OLNEY LAYTONSVILLE RD,2,2
0.616,QUEEN ELIZABETH DR,2,2
0.6206,GEORGIA AVE,16,16
0.6206,HEATHFIELD RD,8,8
0.6206,LONDON LA,2,2
0.635,RAMP 1 FR IS 270 NB TO MIDDLEBROOK RD WB,1,1
0.6385,HAVARD ST,2,2
0.6385,UNKNOWNHEY DR,2,2
0.6385,VEIRS MILL RD,2,2
0.641,,1,1
0.641,OLD COLUMBIA PIKE,3,3
0.6449,CAPITAL BELTWAY,3,3
0.6449,RAMP 6 FR IS 495 EB TO MD 193 SB,4,4
0.6449,UNISSANVERSITY BLVD E,16,16
0.6519,BRIGHTON DAM RD,9,9
0.6519,HIGH ST,1,1
0.6519,MARKET ST,2,2
0.6559,RAMP 2 FR DEMOCRACY BLVD TO IS 270Y NB,1,1
0.6573,COMUS RD,5,5
0.6573,OLD HUNDRED RD,2,2
0.6593,EISENHOWER MEMORIAL HWY,3,3
0.6683,PARK VISTA DR,7,7
0.675,NO NAME,4,4
0.675,RAMP 1 FR IS 270 NB TO IS 370 WB,2,2
0.675,SAM EIG HWY,2,2
0.6843,,1,1
0.6843,CHAPMAN AVE,1,1
0.6843,FLEET ST,1,1
0.6843,HUNGERFORD DR,2,2
0.6843,JEFFERSON PLAZA,1,1
0.6843,MT VERNON PL,7,7
0.6843,RESEARCH BLVD,2,2
0.6843,ROCKVILLE PIKE,8,8
0.6895,FREDERICK RD,4,4
0.6895,NO NAME,2,2
0.6895,S FREDERICK RD,2,2
0.6897,,2,2
0.6897,CHRISTOPHER AVE,26,26
0.6897,FREDERICK RD,14,14
0.6897,RUSSELL AVE,12,12
0.6994,NEW HAMPSHIRE AVE,14,14
0.6994,RAMP 4 FR MD 650 NB TO IS 495 EB,2,2
0.7032,CAPITAL BELTWAY,5,5
0.7032,GEORGIA AVE,9,9
0.7032,RAMP 6 FR IS 495 EB TO MD 97 SB,2,2
0.7116,,9,9
0.7116,ARGYLE ST,2,2
0.7116,E MONTGOMERY AVE,1,1
0.7116,FIRST ST,3,3
0.7116,MARSHALL AVE,1,1
0.7116,MARYLAND AVE,1,1
0.7116,ROCKVILLE PIKE,2,2
0.7116,S WASHINGTON ST,5,5
0.7116,VEIRS MILL RD,2,2
0.7116,W JEFFERSON ST,2,2
0.712,,2,2
0.7223,GARRETT PARK RD,4,4
0.7223,IVY GLEN RD,1,1
0.7298,W WATKINS MILL RD,6,6
0.7298,WATKINS MILL RD,2,2
0.7309,CAPITAL BELTWAY,2,2
0.7309,ROCKVILLE PIKE,2,2
0.7419,GEORGIA AVE,4,4
0.7419,RANDOLPH RD,2,2
0.7421,CLARA BARTON PKENWORTHY,2,2
0.7484,BEL PRE RD,6,6
0.7484,RIPPLING BROOK DR,2,2
0.7558,MOUTH OF MONOCACY RD,2,2
0.7558,MT EPHRAIM RD,5,5
0.7566,ROCKLEDGE DR,1,1
0.7615,CHESTNUT ST,12,12
0.7615,FREDERICK RD,11,11
0.7615,MEEM AVE,1,1
0.7615,MUDDY BRANCH RD,1,1
0.7615,W DIAMOND AVE,2,2
0.7621,BRINK RD,2,2
0.7621,FREDERICK RD,4,4
0.7621,RIDGE RD,3,3
0.7688,ADELPHI RD,14,14
0.7688,NEW HAMPSHIRE AVE,34,34
0.769,,5,5
0.769,GIRARD ST,2,2
0.769,TRAVIS AVE,1,1
0.769,VICTORY FARM DR,3,3
0.7729,RIDING STABLE RD,2,2
0.7738,EISENHOWER MEMORIAL HWY,2,2
0.7747,DEMOCRACY BLVD,1,1
0.7747,RAMP 5 FR RAMP 8 TO DEMOCRACY BLVD EB,1,1
0.7747,RAMP 8 FR IS 270Y SB TO DEMOCRACY BLVD,1,1
0.784,FREDERICK RD,11,11
0.784,NEELSVILLE CHURCH RD,2,2
0.784,SHAKESPEARE BLVD,2,2
0.788,DORSET AVE,1,1
0.788,WISCONSIN AVE,1,1
0.7943,,3,3
0.7943,ARLINGTON RD,2,2
0.7943,BETHESDA AVE,16,16
0.7943,ELM ST,1,1
0.7943,OLD GEORGETOWN RD,2,2
0.7943,WISCONSIN AVE,5,5
0.7943,WOODMONT AVE,1,1
0.8005,CROMWELL DR,1,1
0.8005,MARENGO RD,1,1
0.8005,MASSACHUSETTS AVE,1,1
0.8055,RIDING STABLE RD,2,2
0.8055,SANDY SPRING RD,2,2
0.8114,DOVER RD,10,10
0.8114,E GUDE DR,5,5
0.8114,OLD DOVER RD,1,1
0.8114,SOUTHLAWN LA,4,4
0.8118,EISENHOWER MEMORIAL HWY,1,1
0.8118,GERMANTOWN RD,2,2
0.8118,RAMP 8 FR IS 270 SB TO MD 118 WB,1,1
0.8125,COLUMBIA PIKE,6,6
0.817,EISENHOWER MEMORIAL HWY,2,2
0.817,RAMP 6 FR RAMP 10 (FR IS270) TO MD 187,2,2
0.8259,,2,2
0.8259,GEORGIA AVE,12,12
0.8259,SEMINARY PL,3,3
0.8259,SEMINARY RD,20,20
0.8301,MANNAKEE ST,2,2
0.8301,MARTINS LA,1,1
0.8301,NELSON ST,2,2
0.8321,EDMONSTON DR,6,6
0.8321,LEWIS AVE,13,13
0.8332,CONNECTICUT AVE,2,2
0.8343,COLESVILLE RD,8,8
0.8343,ELLSWORTH DR,2,2
0.8343,FRANKLIN AVE,13,13
0.8391,NO NAME,1,1
0.8391,SAM EIG HWY,1,1
0.8454,,1,1
0.8454,GOOD HOPE RD,6,6
0.8454,SPENCERVILLE RD,5,5
0.8492,COLESVILLE RD,1,1
0.8498,DALAMAR ST,2,2
0.8498,E DEER PARK DR,3,3
0.8498,S FREDERICK RD,3,3
0.85,ROCKVILLE PIKE,3,3
0.8579,,4,4
0.8579,GEORGIA AVE,3,3
0.8579,OLNEY SANDY SPRING RD,7,7
0.8579,SPARTAN RD,14,14
0.8597,,2,2
0.8597,16TH ST,2,2
0.8597,COLESVILLE RD,6,6
0.8597,EAST WEST HWY,2,2
0.8699,,2,2
0.8699,BELLS MILL RD,2,2
0.8699,FALLS RD,2,2
0.8837,FREDERICK RD,16,16
0.8837,SHADY GROVE RD,9,9
0.8881,OLD STAGE RD,3,3
0.8935,CAPITAL BELTWAY,1,1
0.8935,CAPITOL VIEW AVE,4,4
0.8935,JONES MILL RD,2,2
0.8935,KENT ST,4,4
0.8935,STONEYBROOK DR,4,4
0.8957,MONTROSE RD,2,2
0.8974,BORDLY DR,1,1
0.9037,,1,1
0.9037,E MIDDLE LA,15,15
0.9037,HUNGERFORD DR,7,7
0.9037,MARYLAND AVE,1,1
0.9037,MONROE ST,2,2
0.9037,THOMPSON AVE,1,1
0.9194,BRADMOOR DR,4,4
0.9194,GREENTREE RD,2,2
0.9208,CAPITAL BELTWAY,3,3
0.9239,AVERY RD,13,13
0.9239,SOUTHLAWN LA,2,2
0.9271,,1,1
0.9271,CAPITAL BELTWAY,4,4
0.9271,ROCKVILLE PIKE,1,1
0.9379,CAPITAL BELTWAY,2,2
0.9448,MONTROSE RD,4,4
0.9582,16TH ST,4,4
0.9582,GEORGIA AVE,6,6
0.9582,SECOND AVE,1,1
0.9582,SPRING ST,13,13
0.9696,DECOVERLY DR,2,2
0.9696,DIAMONDBACK DR,4,4
0.9696,KEY WEST AVE,8,8
0.9722,FATHER HURLEY BLVD,1,1
0.9728,,2,2
0.9728,CHAPMAN AVE,1,1
0.9728,OLD GEORGETOWN RD,9,9
0.9728,ROCKVILLE PIKE,4,4
0.9773,,2,2
0.9773,TRAVILAH RD,4,4
0.9823,,1,1
0.9823,MARINELLI RD,9,9
0.9823,NEBEL ST,1,1
0.9823,ROCKVILLE PIKE,5,5
0.983,,1,1
0.983,COLESVILLE RD,4,4
0.983,DALE DR,6,6
0.983,DEERFIELD AVE,1,1
0.983,PINEY BRANCH RD,6,6
0.983,SLIGO CREEK PKENWORTHY,1,1
0.983,WAYNE AVE,4,4
0.9843,HUNTINGTON PKENWORTHY,3,3
0.9936,,1,1
0.9936,ASPEN HILL RD,28,28
0.9968,CAPITAL BELTWAY,1,1
0.9968,ROCKVILLE PIKE,8,8
1.007,GEORGIA AVE,11,11
1.0103,NEW HAMPSHIRE AVE,3,3
1.0217,,1,1
1.0217,GEORGIA AVE,8,8
1.0217,MUNCASTER MILL RD,1,1
1.0217,NORBECK RD,4,4
1.0273,CLOPPER RD,10,10
1.0273,WARING STATION RD,10,10
1.0308,SEVEN LOCKS RD,3,3
1.0371,CLARKSBURG RD,2,2
1.0371,CLOPPER RD,1,1
1.0371,DARNESTOWN RD,2,2
1.0371,WHITE GROUNDS RD,5,5
1.0385,GEORGIA AVE,10,10
1.0385,HATHAWAY DR,7,7
1.0385,LAYHILL RD,5,5
1.0486,CARROLL AVE,4,4
1.0486,FLOWER AVE,13,13
1.0486,HOUSTON AVE,1,1
1.0487,GLEN MILL RD,4,4
1.0487,VEIRS DR,1,1
1.0489,,2,2
1.0489,FIRST ST,2,2
1.0489,GEORGIA AVE,4,4
1.0489,GLENALLAN AVE,15,15
1.0489,LAYHILL RD,4,4
1.0513,BAUER DR,1,1
1.0513,MARIANNA DR,2,2
1.0513,PARKLAND DR,1,1
1.0539,BROADWOOD DR,9,9
1.0539,CRAWFORD DR,2,2
1.0539,GRANDIN AVE,2,2
1.0539,MIDWAY AVE,2,2
1.0539,VEIRS MILL RD,8,8
1.0603,GREENTREE RD,1,1
1.062,POSTOAK RD,4,4
1.0644,,3,3
1.0644,E WAYNE AVE,12,12
1.0644,E WAYNE AVENUE,3,3
1.0644,FLOWER AVE,4,4
1.0644,MANCHESTER RD,2,2
1.0644,WAYNE AVE,1,1
1.0676,,3,3
1.0676,CRABBS BRANCH WAY,10,10
1.0676,SHADY GROVE RD,15,15
1.0738,BEECH AVE,5,5
1.0738,OLD GEORGETOWN RD,7,7
1.0785,BRIGGS CHANEY RD,4,4
1.0785,OLD COLUMBIA PIKE,2,2
1.0838,COLUMBIA PIKE,22,22
1.0838,MARLOW RD,2,2
1.0838,MUSGROVE RD,4,4
1.0838,OLD COLUMBIA PIKE,4,4
1.0921,,3,3
1.0921,CAMERON ST,9,9
1.0921,FENTON ST,3,3
1.0921,FOREST GLEN RD,2,2
1.0921,GEORGIA AVE,5,5
1.0921,SPRING ST,4,4
1.0927,NEWPORT MILL RD,12,12
1.0927,VEIRS MILL RD,7,7
1.1006,EISENHOWER MEMORIAL HWY,5,5
1.1006,MIDCOUNTY HWY,2,2
1.1006,QUINCE ORCHARD RD,1,1
1.1006,RAMP 1 FR RAMP 8 (FR IS270) TO MD 124 EB,2,2
1.1006,SAYBROOKE OAKS BLVD,1,1
1.105,COMPRINT CT,1,1
1.105,RAMP 10 FR RAMP 9 TO SHADY GROVE RD NB,1,1
1.105,RAMP 11 FR SHADY GROVE RD SB TO RAMP 4,2,2
1.105,RAMP 9 FR IS 370 EB TO SHADY GROVE RD SB,2,2
1.105,SHADY GROVE RD,5,5
1.1147,,1,1
1.1147,CONNECTICUT AVE,4,4
1.1147,FRANKLIN ST,4,4
1.1147,THORNWOOD RD,1,1
1.1237,,1,1
1.1237,EDMONSTON DR,2,2
1.1237,ROCKVILLE PIKE,17,17
1.1237,W EDMONSTON DR,15,15
1.1237,WOOTTON PKENWORTHY,10,10
1.1354,BLAIR RD,7,7
1.1361,,1,1
1.1361,CALVERTON BLVD,1,1
1.1361,GALWAY DR,2,2
1.137,CAPITAL BELTWAY,3,3
1.137,CONNECTICUT AVE,2,2
1.137,RAMP 4 FR MD 185 NB TO IS 495 EB,1,1
1.1399,,1,1
1.1399,COLUMBIA PIKE,25,25
1.1399,OLD COLUMBIA PIKE,4,4
1.1399,STEWART LA,16,16
1.1453,RAMP 4 FR IS 270 NB TO MIDDLEBROOK RD EB,2,2
1.174,BILTMORE DR,1,1
1.174,CAPITAL BELTWAY,2,2
1.174,E FRANKLIN AVE,8,8
1.174,FRANKLIN AVE,12,12
1.174,GARWOOD ST,3,3
1.174,UNISSANVERSITY BLVD E,10,10
1.1767,EISENHOWER MEMORIAL HWY,5,5
1.1767,RAMP 1 FR IS 270 NB TO MD 28 WB,2,2
1.1767,W MONTGOMERY AVE,6,6
1.1834,BRADLEY BLVD,3,3
1.1834,RIVER RD,4,4
1.1954,BRADLEY BLVD,2,2
1.1954,GLENBROOK RD,2,2
1.1954,OLD GEORGETOWN RD,2,2
1.1954,WILSON LA,10,10
1.2027,,1,1
1.2027,ASPEN HILL RD,18,18
1.2027,CONNECTICUT AVE,16,16
1.2027,GRENOBLE DR,1,1
1.2055,FATHER HURLEY BLVD,4,4
1.2055,RAMP 6 FR FATHER HURLEY BLVD TO IS270 SB,2,2
1.2055,RAMP 7 FR FATHER HURLEY BLVD TO IS270 SB,2,2
1.2355,BAUER DR,8,8
1.2355,FRANKFORT DR,1,1
1.2355,MARIANNA DR,2,2
1.2579,CEDAR LA,2,2
1.2579,CONNECTICUT AVE,7,7
1.2653,CONNECTICUT AVE,9,9
1.2653,ELBY ST,2,2
1.2653,WELLER RD,12,12
1.2715,DAWSON FARM RD,5,5
1.2715,FATHER HURLEY BLVD,2,2
1.2715,GERMANTOWN RD,4,4
1.2715,GREAT SENECA HWY,8,8
1.2743,GLEN RD,22,22
1.2765,CAPITAL BELTWAY,2,2
1.2765,COLESVILLE RD,3,3
1.2765,FOREST GLEN RD,2,2
1.2765,HOLLYWOOD AVE,1,1
1.2849,CEDAR ST,6,6
1.2849,PINEY BRANCH RD,2,2
1.2849,WAYNE AVE,4,4
1.3137,BELLS MILL RD,7,7
1.3172,PEACH ORCHARD RD,6,6
1.3172,SPENCERVILLE RD,2,2
1.32,BURLINGTON AVE,10,10
1.32,GEORGIA AVE,8,8
1.32,PHILADELPHIA AVE,9,9
1.3253,CINNAMON DR,2,2
1.3253,CLOPPER RD,10,10
1.3253,GREAT SENECA HWY,1,1
1.3253,MATENY RD,17,17
1.3271,,1,1
1.3271,NO NAME,1,1
1.3374,BRONSON DR,1,1
1.3374,PERSIMMON TREE RD,7,7
1.3374,RIVER RD,2,2
1.346,ASPEN HILL RD,5,5
1.346,CHESTERFIELD RD,1,1
1.346,MARIANNA DR,2,2
1.346,PARKLAND DR,23,23
1.346,RICHARD MONTGOMERY DR,2,2
1.346,VEIRS MILL RD,2,2
1.3661,,3,3
1.3661,E DIAMOND AVE,2,2
1.3661,N SUMMIT AVE,2,2
1.3661,S FREDERICK RD,9,9
1.3661,S SUMMIT AVE,26,26
1.3661,W DIAMOND AVE,2,2
1.3708,ARORA HILLS DR,2,2
1.3708,LITACURAE SENECA PARKENWORTHAY,1,1
1.3708,LITACURAE SENECA PKENWORTHY,12,12
1.3708,NEWCUT RD,3,3
1.3708,RIDGE RD,2,2
1.3708,SNOWDEN FARM PARKENWORTHAY,2,2
1.3708,SNOWDEN FARM PKENWORTHY,5,5
1.3792,COLESVILLE RD,11,11
1.3792,SPRING ST,7,7
1.3959,STEDWICK RD,2,2
1.3959,WATKINS MILL RD,9,9
1.3963,,1,1
1.3963,BARNESVILLE RD,10,10
1.3978,,2,2
1.3978,EDGEMOOR LA,6,6
1.3978,OLD GEORGETOWN RD,4,4
1.3978,WOODMONT AVE,15,15
1.4013,CAPITAL BELTWAY,2,2
1.4013,EISENHOWER MEMORIAL HWY,3,3
1.4013,ROCKVILLE PIKE,3,3
1.4168,ALBERTI DR,1,1
1.4168,INWOOD AVE,2,2
1.4168,SWEEPSTAKES RD,7,7
1.4168,UNISSANVERSITY BLVD W,8,8
1.4168,WOODFIELD RD,2,2
1.4265,,6,6
1.4265,CENTURY BLVD,17,17
1.4265,CRYSTAL ROCK DR,2,2
1.4265,GERMANTOWN RD,2,2
1.4265,MUNCASTER MILL RD,2,2
1.4265,PINNACLE DR,4,4
1.4458,EISENHOWER MEMORIAL HWY,7,7
1.4458,RAMP 1 FR IS 270 NB TO MD 117 WB,7,7
1.4458,W DIAMOND AVE,6,6
1.4527,,1,1
1.4527,E GUDE DR,7,7
1.4527,LOFSTRAND LA,2,2
1.4527,SOUTHLAWN LA,12,12
1.4566,,3,3
1.4566,8600 FLOWER AVE,1,1
1.4566,BOSTON AVE,1,1
1.4566,FLOWER AVE,25,25
1.4566,PINEY BRANCH RD,6,6
1.4574,PLAINFINISSANTIELD LA,1,1
1.4574,RIVER RD,2,2
1.4574,SENECA RD,17,17
1.4635,FOREST GLEN RD,2,2
1.4635,SEMINARY RD,10,10
1.4635,WARREN ST,1,1
1.4692,,2,2
1.4692,GEORGIA AVE,6,6
1.4692,REEDIE DR,3,3
1.4692,VEIRS MILL RD,31,31
1.4711,COLESVILLE RD,17,17
1.4711,DALE DR,5,5
1.4711,SCHUYLER RD,2,2
1.4861,RAMP 6 FR MD 28 EB TO IS 270 SB,1,1
1.4861,W MONTGOMERY AVE,10,10
1.4943,FREDERICK RD,2,2
1.4943,OLD HUNDRED RD,15,15
1.5073,FALLS RD,2,2
1.5073,WOODEN BRIDGE RD,2,2
1.512,,4,4
1.512,GEORGIA AVE,1,1
1.512,REEDIE DR,4,4
1.512,UNISSANVERSITY BLVD W,8,8
1.512,VEIRS MILL RD,58,58
1.5122,,2,2
1.5122,DEWEY RD,8,8
1.5122,E GUDE DR,2,2
1.5122,E JEFFERSON ST,2,2
1.5122,RANDOLPH RD,9,9
1.5125,SCOTT DR,1,1
1.5156,GELDING LA,2,2
1.5156,OLNEY LAYTONSVILLE RD,4,4
1.5156,QUEEN ELIZABETH DR,6,6
1.5157,,2,2
1.5157,COLUMBIA PIKE,6,6
1.5157,LOCKENWORTHOOD DR,16,16
1.5157,SCHINDLER DR,1,1
1.5279,,1,1
1.5279,BATTERY LA,4,4
1.5279,OLD GEORGETOWN RD,3,3
1.5279,RUGBY AVE,1,1
1.5279,WILSON LA,2,2
1.5279,WISCONSIN AVE,2,2
1.5279,WOODMONT AVE,4,4
1.5308,BRIGHTVIEW ST,1,1
1.5308,DALEWOOD DR,18,18
1.5308,GEORGIA AVE,10,10
1.5308,HATHAWAY DR,8,8
1.5308,RANDOLPH RD,2,2
1.5308,VEIRS MILL RD,4,4
1.5354,,3,3
1.5354,BALLINGER DR,2,2
1.5354,BRIGGS CHANEY RD,15,15
1.5354,ROBEY RD,10,10
1.5354,ROBEY ROAD,1,1
1.5522,MACARTHUR BLVD,1,1
1.5522,SEVEN LOCKS RD,5,5
1.5588,,3,3
1.5588,N STONESTREET AVE,18,18
1.5617,,4,4
1.5617,EXECUTIVE BLVD,5,5
1.5617,NISSANCHOLSON LA,2,2
1.5617,ROCKVILLE PIKE,6,6
1.5617,WOODGLEN DR,2,2
1.598,EISENHOWER MEMORIAL HWY,6,6
1.598,RAMP 4 FR RAMP 1 (FR IS270) TO IS 370 EB,1,1
1.598,SAM EIG HWY,1,1
1.6009,,2,2
1.6009,HUNGERFORD DR,10,10
1.6009,NELSON ST,1,1
1.6009,PARK RD,9,9
1.6052,MACARTHUR BLVD,4,4
1.6052,OVERLEA RD,1,1
1.6052,SANGAMORE RD,2,2
1.6103,FALLS RD,2,2
1.6103,GLEN RD,22,22
1.6125,,6,6
1.6125,11TH AVE,2,2
1.6125,CARROLL AVE,46,46
1.6125,PINEY BRANCH RD,4,4
1.6125,UNISSANVERSITY BLVD E,2,2
1.6125,UNISSANVERSITY BLVD E SERV RD,2,2
1.6242,,7,7
1.6242,AIRCRAFT DR,8,8
1.6242,CENTURY BLVD,6,6
1.6242,CRYSTAL ROCK DR,4,4
1.6242,GERMANTOWN RD,5,5
1.6242,WOODFIELD RD,2,2
1.6262,,4,4
1.6262,ASPEN HILL RD,31,31
1.6262,CONNECTICUT AVE,2,2
1.6262,GEORGIA AVE,16,16
1.6458,,5,5
1.6458,POOKS HILL RD,2,2
1.6458,RAMP 6 FR IS 495 EB TO MD 355 SB,2,2
1.6458,ROCKVILLE PIKE,10,10
1.6671,SKYLARK RD,6,6
1.692,EISENHOWER MEMORIAL HWY,2,2
1.692,OLD HUNDRED RD,19,19
1.7002,,1,1
1.7002,FRANKLIN ST,1,1
1.7002,PARKENWORTHOOD DR,2,2
1.7029,,8,8
1.7029,FENTON ST,9,9
1.7029,GEORGIA AVE,10,10
1.7029,GEORGIA AVENUE,2,2
1.7029,GROVE ST,1,1
1.7029,MAYOR LA,2,2
1.7029,MISSISSIPPI AVE,1,1
1.7029,PINEY BRANCH RD,2,2
1.7029,SLIGO AVE,30,30
1.7029,THAYER AVE,2,2
1.7093,KINGS VALLEY RD,4,4
1.7093,RIDGE RD,3,3
1.7329,16TH ST,44,44
1.7329,COLESVILLE RD,12,12
1.7341,HURLEY AVE,2,2
1.7341,W MONTGOMERY AVE,4,4
1.7458,,2,2
1.7458,EDMONSTON DR,23,23
1.7458,LEWIS AVE,2,2
1.7458,N WASHINGTON ST,2,2
1.7458,ROCKVILLE PIKE,7,7
1.7458,VEIRS MILL RD,12,12
1.7526,,6,6
1.7526,CARROLL AVE,22,22
1.7526,NEW HAMPSHIRE AVE,2,2
1.7526,WESTMORELAND AVE,2,2
1.7547,CHESHIRE DR,3,3
1.7547,OLD GEORGETOWN RD,11,11
1.7721,MONTROSE RD,4,4
1.7721,SEVEN LOCKS RD,13,13
1.7776,BRADLEY BLVD,2,2
1.7776,RIVER RD,14,14
1.79,GREAT SENECA HWY,11,11
1.79,LONGDRAFT RD,14,14
1.79,SIOUX LA,3,3
1.8243,,2,2
1.8243,CLARKSBURG RD,14,14
1.8243,DEMOCRACY LA,1,1
1.8243,EISENHOWER MEMORIAL HWY,1,1
1.8243,FREDERICK RD,8,8
1.8243,GATEWAY CENTER DR,7,7
1.8243,JOHNSON DR,2,2
1.8243,NORBECK RD,2,2
1.8243,ROLLINS AVE,3,3
1.8243,STRINGTOWN RD,14,14
1.8315,E JEFFERSON ST,12,12
1.8315,MONTROSE PKENWORTHY,24,24
1.8357,CEDAR LA,7,7
1.8357,LOCUST AVE,1,1
1.8357,OAKMONT AVE,1,1
1.8357,OLD GEORGETOWN RD,9,9
1.8414,FIRST ST,6,6
1.8414,ROCKVILLE PIKE,7,7
1.8414,WOOTTON PKENWORTHY,5,5
1.8499,,6,6
1.8499,GRUBB RD,2,2
1.8499,LYTTONSVILLE PL,2,2
1.8499,LYTTONSVILLE RD,14,14
1.8506,,1,1
1.8506,CONTOUR RD,2,2
1.8506,GOSHEN RD,3,3
1.8506,ODENDHAL AVE,12,12
1.8572,GOSHEN RD,1,1
1.8572,MONTGOMERY VILLAGE AVE,2,2
1.8572,SNOUFFERS SCHOOL RD,3,3
1.8572,WIGHTMAN RD,26,26
1.8589,CHRISTOPHER AVE,4,4
1.8589,FREDERICK RD,2,2
1.8589,MONTGOMERY VILLAGE AVE,17,17
1.8589,RUSSELL AVE,37,37
1.8589,STEDWICK RD,2,2
1.8589,WATKINS MILL RD,2,2
1.8879,,6,6
1.8879,E MONTGOMERY AVE AT COURTHOUSE SQ,1,1
1.8879,FLEET ST,3,3
1.8879,MARYLAND AVE,1,1
1.8879,MONROE ST,1,1
1.8879,N WASHINGTON ST,2,2
1.8921,,1,1
1.8921,RIVER RD,5,5
1.8921,WHITTIER BLVD,14,14
1.9019,CONNECTICUT AVE,8,8
1.9019,DENFELD AVE,12,12
1.9019,WEXFORD DR,2,2
1.9125,CONNECTICUT AVE,6,6
1.9125,JONES BRIDGE RD,8,8
1.9226,CONNECTICUT AVE,2,2
1.9226,GEORGIA AVE,13,13
1.9226,GOODHILL RD,2,2
1.9226,W MONTGOMERY AVE,2,2
1.9226,WELLER RD,29,29
1.9326,RESEARCH BLVD,11,11
1.9326,SHADY GROVE RD,19,19
1.9326,W GUDE DR,5,5
1.9359,RIVER RD,5,5
1.9359,SELKIRK DR,2,2
1.9359,WILSON LA,9,9
1.9456,GREAT SENECA HWY,10,10
1.9456,KEY WEST AVE,2,2
1.9472,FREDERICK RD,1,1
1.9472,MANOR CREST LANE,2,2
1.9472,WEST OLD BALTIMORE RD,4,4
1.9502,PERSIMMON TREE RD,2,2
1.951,BLUNT RD,2,2
1.951,FREDERICK RD,13,13
1.951,GERMANTOWN RD,5,5
1.951,MIDDLEBROOK RD,4,4
1.951,SCENERY DR,24,24
1.9665,,1,1
1.9665,CONGRESSIONAL LA,19,19
1.9665,ROCKVILLE PIKE,13,13
1.9685,,3,3
1.9685,COLESVILLE RD,54,54
1.9685,GEORGIA AVE,16,16
1.9685,WAYNE AVE,2,2
1.9718,,1,1
1.9718,GAITHER RD,14,14
1.9718,LONGHORN CRESENT,2,2
1.9718,PICCARD DR,1,1
1.9718,SHADY GROVE RD,10,10
1.9718,VEIRS MILL RD,2,2
1.9794,,3,3
1.9794,FREDERICK RD,40,40
1.9794,OBSERVATION DR,2,2
1.9794,SHAKESPEARE BLVD,15,15
1.9891,COLUMBIA PIKE,10,10
1.9891,E RANDOLPH RD,10,10
1.9891,OLD COLUMBIA PIKE,13,13
1.9917,GEORGIA AVE,4,4
1.9917,PRINCE PHILIP DR,5,5
2.0038,,2,2
2.0038,FRIENDSHIP BLVD,2,2
2.0038,N PARK AVE,1,1
2.0038,RIVER RD,5,5
2.0038,SHOEMAKER FARM LA,2,2
2.0038,WILLARD AVE,21,21
2.0038,WISCONSIN AVE,8,8
2.0054,,1,1
2.0054,GOLDSBORO RD,12,12
2.0108,,3,3
2.0108,BEALL AVE #2,12,12
2.0108,E MONTGOMERY AVE AT COURTHOUSE SQ,1,1
2.0108,FREDERICK RD,2,2
2.0108,HUNGERFORD DR,11,11
2.0108,N WASHINGTON ST,5,5
2.0256,,1,1
2.0256,BEALLSVILLE RD,7,7
2.0256,DARNESTOWN RD,4,4
2.0299,COLSTON DR,1,1
2.0299,EAST WEST HWY,17,17
2.0299,GRUBB RD,9,9
2.0299,ROSS RD,2,2
2.0353,COLESVILLE RD,4,4
2.0353,COLUMBIA BLVD,2,2
2.0353,DALE DR,22,22
2.0382,GOLD MINE RD,5,5
2.0382,NEW HAMPSHIRE AVE,6,6
2.0382,REDLAND RD,2,2
2.0387,FIELDS RD,4,4
2.0387,OMEGA DR,9,9
2.0641,EAST WEST HWY,6,6
2.0641,EAST WEST HWY (W/B COUPLET),22,22
2.0641,MONTGOMERY AVE,4,4
2.065,GERMANTOWN RD,5,5
2.065,GREAT SENECA HWY,5,5
2.065,RICHTER FARM RD,23,23
2.113,ARCOLA AVE,18,18
2.1175,COMUS RD,6,6
2.1175,FREDERICK RD,2,2
2.1175,OLD HUNDRED RD,4,4
2.1249,,1,1
2.1249,FLOWER AVE,1,1
2.1249,JACKSON AVE,2,2
2.1249,NEW HAMPSHIRE AVE,8,8
2.1249,SLIGO CREEK PKENWORTHY,9,9
2.1257,,1,1
2.1257,OLNEY SANDY SPRING RD,2,2
2.1257,PRINCE PHILIP DR,6,6
2.1257,SPARTAN RD,6,6
2.1462,SNOWDEN FARM PARKENWORTHAY,2,2
2.1462,SNOWDEN FARM PKENWORTHY,21,21
2.1462,SYCAMORE FARM DR,1,1
2.1532,ASPEN HILL RD,26,26
2.1532,VEIRS MILL RD,5,5
2.1557,,2,2
2.1557,DIAMONDBACK DR,14,14
2.1557,GOLD KETACURAE DR,1,1
2.1557,MUDDY BRANCH RD,18,18
2.1557,SAM EIG HWY,2,2
2.1557,STORY DR,3,3
2.1665,CRABB AVE,1,1
2.1665,LINCOLN ST,1,1
2.1665,N HORNERS LA,19,19
2.1665,PARK RD,1,1
2.1752,,6,6
2.1752,FREDERICK RD,10,10
2.1752,ODENDHAL AVE,58,58
2.1752,RUSSELL AVE,4,4
2.1951,LAMBERTON DR,9,9
2.2201,,4,4
2.2201,COLLEGE PKENWORTHY,11,11
2.2201,HUNGERFORD DR,18,18
2.2201,NORBECK RD,2,2
2.2201,PRINCETON PL,1,1
2.2201,ROCKVILLE PIKE,2,2
2.2406,BRANDERMILL DR,4,4
2.2406,MIDDLEBROOK RD,22,22
2.2572,BEL PRE RD,1,1
2.2572,HOMECREST RD,6,6
2.2577,,1,1
2.2577,MONTROSE RD,10,10
2.2577,TOWER OAKS BLVD,24,24
2.2577,WOOTTON PKENWORTHY,22,22
2.2588,NEW HAMPSHIRE AVE,9,9
2.2588,NOACURAEY RD,26,26
2.2606,,2,2
2.2606,EAST WEST HWY,5,5
2.2606,MONTGOMERY AVE,24,24
2.2606,MONTGOMERY LA,2,2
2.2606,WAVERLY ST,2,2
2.2606,WISCONSIN AVE,2,2
2.2776,DEMOCRACY BLVD,4,4
2.2776,GAINSBOROUGH RD,2,2
2.2776,MONTROSE PKENWORTHY,2,2
2.2799,EDNOR RD,1,1
2.2799,LAYHILL RD,2,2
2.2799,NORBECK RD,4,4
2.2799,NORWOOD RD,14,14
2.3019,BROOKVILLE RD,7,7
2.3019,EAST WEST HWY,2,2
2.3019,LELAND ST,2,2
2.3019,THORNAPPLE ST,1,1
2.3183,,1,1
2.3183,ARCOLA AVE,19,19
2.3183,GEORGIA AVE,34,34
2.3183,GRANDVIEW AVE,2,2
2.3455,GEORGIA AVE,14,14
2.3455,HINES RD,2,2
2.3505,E DIAMOND AVE,2,2
2.3505,RAILROAD ST,16,16
2.3505,WASHINGTON GROVE LA,2,2
2.3737,,8,8
2.3737,DAWSON AVE,6,6
2.3737,E MIDDLE LA,2,2
2.3737,FIRST ST,3,3
2.3737,HUNGERFORD DR,16,16
2.3737,N WASHINGTON ST,26,26
2.3737,ROLLINS AVE,2,2
2.3737,TWINBROOK PKENWORTHY,2,2
2.3974,BOWIE MILL RD,14,14
2.3974,CASHELL RD,1,1
2.3974,OLNEY LAYTONSVILLE RD,2,2
2.4033,,12,12
2.4033,ARLINGTON RD,24,24
2.4033,BRADLEY BLVD,7,7
2.4033,GEORGIA AVE,2,2
2.4033,HAMPDEN LA,1,1
2.4033,OLD GEORGETOWN RD,2,2
2.4044,DARNESTOWN RD,5,5
2.4044,QUINCE ORCHARD RD,2,2
2.4103,,6,6
2.4103,GEORGIA AVE,21,21
2.4103,HEWITT AVE,29,29
2.4163,LAYHILL RD,4,4
2.4163,LONGMEAD CROSSING DR,13,13
2.4241,,2,2
2.4241,BRIGGS CHANEY RD,60,60
2.4241,CASACURAE BLVD,2,2
2.4241,ROBEY RD,2,2
2.4331,,1,1
2.4331,CHRISTOPHER AVE,17,17
2.4331,FREDERICK RD,2,2
2.4331,LOST KNISSANFE RD,2,2
2.4331,MIDCOUNTY HWY,2,2
2.4331,MONTGOMERY VILLAGE AVE,11,11
2.4691,495 OL X31,2,2
2.4691,CAPITAL BELTWAY,3,3
2.4723,,4,4
2.4723,FREDERICK RD,2,2
2.4723,GIRARD ST,2,2
2.4723,GOSHEN RD,2,2
2.4723,N SUMMIT AVE,46,46
2.4838,,2,2
2.4838,PICCARD DR,14,14
2.4838,REDLAND BLVD,2,2
2.4838,W GUDE DR,4,4
2.4839,,2,2
2.4839,DEMOCRACY BLVD,2,2
2.4839,WESACURAAKE DR,12,12
2.4964,ARCOLA AVE,21,21
2.4964,UNISSANVERSITY BLVD W,12,12
2.5114,BEALLSVILLE RD,6,6
2.5164,,1,1
2.5164,FLOWER HILL WAY,20,20
2.5164,HONEYLOCUST CIR,2,2
2.5164,SNOUFFERS SCHOOL RD,8,8
2.5164,WOODFIELD RD,18,18
2.5226,,7,7
2.5226,E JEFFERSON ST,3,3
2.5226,ROCKVILLE PIKE,25,25
2.5226,ROLLINS AVE,34,34
2.5255,,1,1
2.5255,GAINSBOROUGH RD,9,9
2.5255,SEVEN LOCKS RD,5,5
2.5266,DARNESTOWN RD,2,2
2.5266,QUERY MILL RD,2,2
2.5266,TURKEY FOOT RD,3,3
2.5291,GEORGIA AVE,4,4
2.5291,OLNEY SANDY SPRING RD,3,3
2.5291,PRINCE PHILIP DR,9,9
2.5438,CLOPPER RD,2,2
2.5438,GREAT SENECA HWY,10,10
2.5438,MATENY RD,15,15
2.5521,CENTERWAY RD,34,34
2.5521,GOSHEN RD,4,4
2.5521,SNOUFFERS SCHOOL RD,8,8
2.5672,E JEFFERSON ST,10,10
2.5672,E MIDDLE LA,2,2
2.5672,E MONTGOMERY AVE,1,1
2.5672,FLEET ST,7,7
2.5672,HUNGERFORD DR,2,2
2.5672,MONROE ST,19,19
2.5717,DICKERSON RD,1,1
2.5717,OLD HUNDRED RD,22,22
2.5717,WOODFIELD RD,2,2
2.5756,CONCORD ST,2,2
2.5756,CONNECTICUT AVE,32,32
2.5879,FREDERICK RD,27,27
2.5879,RUSSELL AVE,4,4
2.5879,WATKINS MILL RD,43,43
2.5899,BEACH DR,7,7
2.5899,EAST WEST HWY,2,2
2.5899,PINEHURST PKENWORTHY,1,1
2.5905,16TH ST,14,14
2.5905,GEORGIA AVE,4,4
2.5996,,1,1
2.5996,ARCOLA AVE,2,2
2.5996,INWOOD AVE,1,1
2.5996,KEMP MILL RD,15,15
2.5996,MONTICELLO AVE,1,1
2.5996,OLD GEORGETOWN RD,2,2
2.6009,,1,1
2.6009,FALLS RD,14,14
2.6009,GREAT FALLS RD,8,8
2.6009,MARYLAND AVE,4,4
2.6009,POTOMAC VALLEY RD,2,2
2.6009,W JEFFERSON ST,6,6
2.6009,W MONTGOMERY AVE,2,2
2.6502,CONNECTICUT AVE,3,3
2.6502,EAST WEST HWY,45,45
2.6531,,2,2
2.6531,FERNWOOD RD,3,3
2.6531,OLD GEORGETOWN RD,5,5
2.6531,ROCK SPRING DR,19,19
2.6531,ROCKLEDGE DR,17,17
2.6627,BRIGGS CHANEY RD,17,17
2.6627,NEW HAMPSHIRE AVE,4,4
2.6791,,1,1
2.6791,NEBEL ST,17,17
2.6791,RANDOLPH RD,2,2
2.6884,MASSACHUSETTS AVE,3,3
2.6884,SANGAMORE RD,19,19
2.6979,,5,5
2.6979,CENTERWAY RD,30,30
2.6979,GOSHEN RD,7,7
2.6979,MONTGOMERY VILLAGE AVE,34,34
2.699,CHESHIRE DR,2,2
2.699,GROSVENOR LA,20,20
2.699,HURST ST,1,1
2.699,ROCKVILLE PIKE,28,28
2.7066,,1,1
2.7066,ELM AVE,2,2
2.7066,ETHAN ALLEN AVE,53,53
2.7066,FLOWER AVE,1,1
2.7066,NEW HAMPSHIRE AVE,15,15
2.7066,PHILADELPHIA AVE,2,2
2.7066,SYCAMORE AVE,2,2
2.7066,WOODLAND AVE,2,2
2.7164,EISENHOWER MEMORIAL HWY,8,8
2.7428,TRAVILAH RD,9,9
2.7428,TURKEY FOOT RD,2,2
2.7444,PINEY MEETINGHOUSE RD,4,4
2.7605,,5,5
2.7605,CHESTNUT AVE,1,1
2.7605,CHICAGO AVE,2,2
2.7605,HOLLY AVE,3,3
2.7605,MAPLE AVE,2,2
2.7605,PHILADELPHIA AVE,43,43
2.7605,PINEY BRANCH RD,5,5
2.761,,4,4
2.761,CONTOUR RD,2,2
2.761,LOST KNISSANFE RD,32,32
2.761,MONTGOMERY VILLAGE AVE,9,9
2.761,ODENDHAL AVE,8,8
2.7684,GERMANTOWN RD,12,12
2.7684,OBSERVATION DR,3,3
2.7684,SENECA MEADOWS PKENWORTHY,23,23
2.7765,CEDAR LA,2,2
2.7765,GROSVENOR LA,2,2
2.7765,ROCKVILLE PIKE,13,13
2.7765,TUCKERMAN LA,13,13
2.7811,,1,1
2.7811,EMORY LA,6,6
2.7811,MUNCASTER MILL RD,4,4
2.8054,GEORGIA AVE,31,31
2.8054,PLYERS MILL RD,11,11
2.8275,MUNCASTER RD,8,8
2.8275,OLNEY LAYTONSVILLE RD,4,4
2.8403,,2,2
2.8403,GEORGIA AVE,6,6
2.8403,MORNISSANNGWOOD DR,7,7
2.8403,QUEEN ELIZABETH DR,1,1
2.8882,,3,3
2.8882,EISENHOWER MEMORIAL HWY,1,1
2.8882,RESEARCH BLVD,18,18
2.8882,W MONTGOMERY AVE,1,1
2.8944,DUFIEF MILL RD,5,5
2.8944,MUDDY BRANCH RD,1,1
2.91,METRO ACCESS RD,3,3
2.9259,,4,4
2.9259,EISENHOWER MEMORIAL HWY,3,3
2.9259,FREDERICK RD,14,14
2.9259,PERRY PKENWORTHY,47,47
2.9259,S SUMMIT AVE,2,2
2.9259,W DIAMOND AVE,4,4
2.9303,CAPITAL BELTWAY,1,1
2.9303,CEDAR LA,14,14
2.9303,CEDAR LANE,1,1
2.9303,E PARKHILL DR,2,2
2.9303,ROCKVILLE PIKE,8,8
2.9593,SEVEN HILL LA,2,2
2.9593,SEVEN LOCKS RD,10,10
2.9698,,3,3
2.9698,APPLE AVE,1,1
2.9698,CAMERON ST,1,1
2.9698,COLESVILLE RD,5,5
2.9698,FENWICK LA,2,2
2.9698,GRACE CHURCH RD,2,2
2.9698,LINDEN LA,4,4
2.9698,SECOND AVE,32,32
2.9698,SEMINARY RD,2,2
2.9698,SPRING ST,6,6
2.9765,MORNISSANNG STAR DR,1,1
2.9765,NEWCUT RD,2,2
2.9765,RIDGE RD,4,4
2.9765,SNOWDEN FARM PARKENWORTHAY,6,6
2.9765,SNOWDEN FARM PKENWORTHY,17,17
2.9765,SNOWDEN FARM PKENWORTHY (PROP),7,7
2.9765,STRINGTOWN RD,1,1
3.0049,BRICKYARD RD,5,5
3.0111,TILDEN LA,8,8
3.0146,QUINCE ORCHARD RD,17,17
3.0876,,1,1
3.0876,MONTROSE RD,2,2
3.0876,SEVEN LOCKS RD,16,16
3.1145,MEADOW HALL DR,2,2
3.1145,PINNEBERG AVE,2,2
3.1145,TWINBROOK PKENWORTHY,18,18
3.1145,VEIRS MILL RD,7,7
3.1293,BRAHMS AVE,1,1
3.1293,BRIGGS CHANEY RD,3,3
3.1293,COLUMBIA PIKE,7,7
3.1293,FAIRLAND RD,10,10
3.1383,ARBUTUS AVE,1,1
3.1383,ASPEN HILL RD,5,5
3.1383,GEORGIA AVE,2,2
3.1383,PARKLAND DR,32,32
3.1383,VEIRS MILL RD,4,4
3.2129,ANISSANTA CT,1,1
3.2129,FIRST ST,4,4
3.2129,HALPINE RD,3,3
3.2129,HUNGERFORD DR,4,4
3.2129,MIDWAY AVE,1,1
3.2129,NORBECK RD,3,3
3.2129,ROCKVILLE PIKE,6,6
3.2129,ROLLINS AVE,2,2
3.2129,S STONESTREET AVE,1,1
3.2129,VEIRS MILL RD,53,53
3.2129,W MONTGOMERY AVE,2,2
3.2426,CEDAR LA,16,16
3.255,,2,2
3.255,MAIN ST,4,4
3.255,RIDGE RD,28,28
3.2628,GOSHEN RD,44,44
3.2628,ODENDHAL AVE,4,4
3.2968,FATHER HURLEY BLVD,23,23
3.2968,GERMANTOWN RD,2,2
3.2968,HOPKINS RD,2,2
3.2968,WISTERIA DR,3,3
3.3054,,1,1
3.3054,FALLBROOK ST,2,2
3.3054,GIRARD ST,31,31
3.3054,N SUMMIT AVE,2,2
3.321,COLUMBIA PIKE,2,2
3.321,HUNGERFORD DR,2,2
3.321,NEW HAMPSHIRE AVE,41,41
3.321,POWDER MILL RD,28,28
3.321,RAMP 2 FR IS 495 WB TO MD 650 NB,2,2
3.321,SHADY GROVE RD,2,2
3.3589,MAIN ST,2,2
3.3589,RIDGE RD,4,4
3.3589,WOODFIELD RD,10,10
3.3589,WOODFIELD RD EXT,4,4
3.3708,SEVEN LOCK RD,3,3
3.3708,SEVEN LOCKS RD,25,25
3.4051,GEORGIA AVE,8,8
3.4051,OLD BALTIMORE RD,22,22
3.4051,OLD BALTIMORE ROAD,1,1
3.4051,OLNEY SANDY SPRING RD,6,6
3.4138,AVERY RD,8,8
3.4151,KEMP MILL RD,18,18
3.4151,RANDOLPH RD,6,6
3.4153,,1,1
3.4153,NISSANCHOLSON LA,17,17
3.4153,OLD GEORGETOWN RD,2,2
3.4153,ROCKVILLE PIKE,14,14
3.4339,EDNOR RD,8,8
3.4339,NEW HAMPSHIRE AVE,4,4
3.4339,ROCKY GORGE CT,1,1
3.4393,,2,2
3.4393,HUNGERFORD DR,14,14
3.4393,MANNAKEE ST,10,10
3.4523,CRABBS BRANCH WAY,24,24
3.4523,INDIANOLA DR,3,3
3.4523,REDLAND RD,5,5
3.4771,BETHESDA CHURCH RD,9,9
3.4771,CLARKSBURG RD,3,3
3.4771,RIDGE RD,2,2
3.507,,1,1
3.507,DARNESTOWN RD,1,1
3.507,DUFIEF MILL RD,10,10
3.507,MUDDY BRANCH RD,2,2
3.516,BEACH DR,1,1
3.516,COQUELIN TERR,1,1
3.516,EAST WEST HWY,2,2
3.516,JONES BRIDGE RD,2,2
3.516,JONES MILL RD,10,10
3.5743,,3,3
3.5743,COLUMBIA PIKE,3,3
3.5743,DUSTIN RD,2,2
3.5743,OLD COLUMBIA PIKE,16,16
3.5743,SANDY SPRING RD,4,4
3.577,,4,4
3.577,CONNECTICUT AVE,9,9
3.577,DETRICK AVE,2,2
3.577,KNOWLES AVE,23,23
3.577,STRATHMORE AVE,11,11
3.577,SUMMIT AVE,2,2
3.577,WEYMOUTH ST,1,1
3.5929,DARNESTOWN RD,2,2
3.5929,GREAT SENECA HWY,22,22
3.5929,KEY WEST AVE,7,7
3.6021,,1,1
3.6021,NEW HAMPSHIRE AVE,35,35
3.62,GREENTREE RD,42,42
3.62,OLD GEORGETOWN RD,11,11
3.6242,MASSACHUSETTS AVE,9,9
3.625,BRIGGS CHANEY RD,19,19
3.625,GOOD HOPE RD,2,2
3.625,PEACH ORCHARD RD,2,2
3.625,STURTEVANT RD,2,2
3.6449,BRIGHTON DR,2,2
3.6449,DUVALL LA,1,1
3.6449,MUDDY BRANCH RD,5,5
3.6449,S FREDERICK RD,22,22
3.6449,SUMMIT HALL RD,2,2
3.6449,W DEER PARK RD,22,22
3.6449,W. DEER PARK RD,2,2
3.6574,,2,2
3.6574,BATCHELLORS FOREST RD,2,2
3.6574,DR BIRD RD,11,11
3.6574,NORWOOD RD,2,2
3.6574,OLNEY SANDY SPRING RD,2,2
3.6721,GREAT SENECA HWY,2,2
3.6721,KEY WEST AVE,4,4
3.6721,MEDICAL CENTER DR,20,20
3.6721,MEDICAL CENTER WAY,1,1
3.699,BRINK RD,9,9
3.7015,EDNOR RD,14,14
3.7015,NEW HAMPSHIRE AVE,4,4
3.7015,NORWOOD RD,2,2
3.7043,,2,2
3.7043,TUCKERMAN LA,3,3
3.7043,WESACURAAKE DR,7,7
3.7231,BRADLEY LA,28,28
3.7231,CONNECTICUT AVE,12,12
3.7231,WISCONSIN AVE,4,4
3.7696,,7,7
3.7696,BATTERY LA,2,2
3.7696,CONNECTICUT AVE,2,2
3.7696,CORDELL AVE,4,4
3.7696,EAST WEST HWY,2,2
3.7696,NORFOLK AVE,4,4
3.7696,OLD GEORGETOWN RD,4,4
3.7696,RAMP FROM I495,2,2
3.7696,ROCKVILLE PIKE,3,3
3.7696,RUGBY AVE,1,1
3.7696,WISCONSIN AVE,4,4
3.7696,WOODMONT AVE,38,38
3.7722,ASPEN HILL RD,42,42
3.7722,EADES ST,2,2
3.7722,PARKLAND DR,1,1
3.7722,W GUDE DR,2,2
3.9169,,3,3
3.9169,FERNWOOD RD,2,2
3.9169,NO NAME,2,2
3.9169,WESACURAAKE DR,6,6
3.9169,WESACURAAKE TERR,17,17
3.9294,RIVER RD,21,21
3.9575,,5,5
3.9575,CONGRESSIONAL LA,2,2
3.9575,E JEFFERSON ST,32,32
3.9575,FIRST ST,1,1
3.9575,MONTROSE RD,4,4
3.9844,,8,8
3.9844,BONISSANFANT ST,1,1
3.9844,COLESVILLE RD,21,21
3.9844,FENTON ST,85,85
3.9844,GEORGIA AVE,1,1
3.9844,GEORGIA AVENUE,2,2
3.9844,PHILADELPHIA AVE,1,1
3.9844,ROEDER RD,2,2
3.9844,TAKOMA AVE,1,1
4.0372,BRINK RD,1,1
4.0372,WIGHTMAN RD,11,11
4.0514,METRO ACCESS RD,2,2
4.0615,EISENHOWER MEMORIAL HWY,10,10
4.0615,FALLS RD,18,18
4.0615,FALLSMEAD WAY,2,2
4.0615,ROCKVILLE PIKE,1,1
4.0792,JOLLY WAY,2,2
4.0792,ROCKVILLE PIKE,21,21
4.0792,STRATHMORE AVE,14,14
4.1282,INDIAN SPRING DR,4,4
4.1282,UNISSANVERSITY BLVD E,57,57
4.1443,DAMASCUS RD,40,40
4.1443,HIPSLEY MILL RD,2,2
4.1507,BLUNT RD,3,3
4.1507,FREDERICK RD,2,2
4.1507,GERMANTOWN RD,32,32
4.1507,WATKINS MILL RD,10,10
4.151,FALLS RD,5,5
4.151,MONTROSE RD,46,46
4.151,SEVEN LOCKS RD,8,8
4.1599,,8,8
4.1599,FLOWER AVE,43,43
4.1599,FRANKLIN AVE,2,2
4.1599,GATESHEAD MANOR WAY,2,2
4.1599,PINEY BRANCH RD,4,4
4.1644,,9,9
4.1644,BOOTH ST,1,1
4.1644,EISENHOWER MEMORIAL HWY,3,3
4.1644,MEEM AVE,4,4
4.1644,MUDDY BRANCH RD,6,6
4.1644,OLDE TOWNE AVE,16,16
4.1644,PERRY PKENWORTHY,2,2
4.1644,S FREDERICK RD,2,2
4.1644,S SUMMIT AVE,4,4
4.1644,W DIAMOND AVE,97,97
4.1644,WATKINS MILL RD,1,1
4.1893,W WILLARD RD,6,6
4.1981,GERMANTOWN RD,4,4
4.1981,WATKINS MILL RD,35,35
4.2155,,1,1
4.2155,CHERRY HILL RD,3,3
4.2155,COLUMBIA PIKE,2,2
4.2155,GLENALLAN AVE,6,6
4.2155,LAYHILL RD,6,6
4.2155,RANDOLPH RD,20,20
4.3512,,1,1
4.3512,BROOKVILLE RD,26,26
4.3512,MONTGOMERY ST,1,1
4.3512,TALBOT AVE,3,3
4.3836,,3,3
4.3836,LITACURAE FALLS PKENWORTHY,1,1
4.3836,MASSACHUSETTS AVE,23,23
4.3836,SANGAMORE RD,6,6
4.4192,,1,1
4.4192,MONTGOMERY VILLAGE AVE,11,11
4.4192,STEDWICK RD,23,23
4.4192,WATKINS MILL RD,6,6
4.4537,,5,5
4.4537,SEVEN LOCKS RD,11,11
4.4537,WOOTTON PKENWORTHY,8,8
4.4809,,1,1
4.4809,CLARKSBURG RD,18,18
4.4973,CLOPPER RD,2,2
4.4973,GREAT SENECA HWY,2,2
4.4973,MIDDLEBROOK RD,9,9
4.4973,WARING STATION RD,36,36
4.5344,,3,3
4.5344,CRABBS BRANCH WAY,43,43
4.5344,GRAMERCEDES-BENZY BLVD,2,2
4.5344,METRO ACCESS RD,2,2
4.5344,REDLAND RD,1,1
4.5344,SHADY GROVE RD,13,13
4.5446,HIGH CORNER ST,1,1
4.5446,RIDGE RD,39,39
4.5499,BROOKEVILLE RD,8,8
4.5499,OLNEY SANDY SPRING RD,4,4
4.5499,ZION RD,2,2
4.5588,,1,1
4.5588,CRABBS BRANCH WAY,30,30
4.5588,E GUDE DR,4,4
4.5757,OLNEY MILL RD,5,5
4.596,,1,1
4.596,BONISSANFANT RD,2,2
4.596,BRIGGS CHANEY RD,3,3
4.596,CAPE MAY RD,1,1
4.596,GOOD HOPE RD,18,18
4.596,NEW HAMPSHIRE AVE,9,9
4.6114,BARNESVILLE RD,16,16
4.6139,GREAT SENECA HWY,1,1
4.6139,MEADOW VIEW DR,2,2
4.6139,RIFFLE FORD RD,9,9
4.6612,,2,2
4.6612,APPLE RIDGE RD,4,4
4.6612,STEDWICK RD,1,1
4.6612,WATKINS MILL RD,69,69
4.6668,OAKLYN DR,3,3
4.6668,PERSIMMON TREE RD,2,2
4.6784,CORDELL AVE,2,2
4.6784,HUNTINGTON PKENWORTHY,2,2
4.6784,OLD GEORGETOWN RD,60,60
4.6784,WILSON LA,1,1
4.7439,HAWKINS CREAMERY RD,10,10
4.7439,LAYTONSVILLE RD,1,1
4.7439,WOODFIELD RD,2,2
4.763,BOWIE MILL RD,2,2
4.763,CASHELL RD,25,25
4.763,CHIPPENDALE CT,1,1
4.763,MORNISSANNGWOOD DR,2,2
4.8209,,12,12
4.8209,CARROLL AVE,1,1
4.8209,LOCKENWORTHOOD DR,96,96
4.8209,NEW HAMPSHIRE AVE,17,17
4.8209,NORTHWEST DR,2,2
4.8209,RAMP 2 FR IS 495 WB TO MD 650 NB,1,1
4.8362,ELMCROFT BLVD,1,1
4.8362,FREDERICK RD,18,18
4.8362,HUNGERFORD DR,2,2
4.8362,REDLAND BLVD,28,28
4.8362,REDLAND RD,2,2
4.8362,SEVEN LOCKS RD,2,2
4.8763,,2,2
4.8763,ARCOLA AVE,38,38
4.8763,GEORGIA AVE,2,2
4.8763,UNISSANVERSITY BLVD W,2,2
4.8866,LITACURAE FALLS PKENWORTHY,1,1
4.8866,RIVER RD,33,33
4.9071,,1,1
4.9071,CORPORATE BLVD,4,4
4.9071,EISENHOWER MEMORIAL HWY,4,4
4.9071,KEY WEST AVE,2,2
4.9071,RESEARCH BLVD,2,2
4.9071,SHADY GROVE RD,83,83
4.9071,W MONTGOMERY AVE,4,4
5.0289,,2,2
5.0289,AVERY RD,1,1
5.0289,E GUDE DR,11,11
5.0289,SHADY GROVE RD,2,2
5.0289,SOUTHLAWN CT,2,2
5.0289,SOUTHLAWN LA,24,24
5.0605,CANDLELIGHT LA,1,1
5.0605,FALLS RD,6,6
5.0605,FOXCREST CT,1,1
5.0605,SEVEN LOCKS RD,2,2
5.0605,TUCKERMAN LA,26,26
5.1037,SLIGO CREEK PKENWORTHY,16,16
5.1532,,4,4
5.1532,FALLS RD,4,4
5.1532,GLEN RD,2,2
5.1532,RIVER RD,2,2
5.1532,S GLEN RD,9,9
5.1741,,1,1
5.1741,E JEFFERSON ST,2,2
5.1741,E MIDDLE LA,2,2
5.1741,E MONTGOMERY AVE AT COURTHOUSE SQ,2,2
5.1741,FALLS RD,4,4
5.1741,MARYLAND AVE,48,48
5.1741,NEW MARK ESPLANADE,1,1
5.1741,ROCKVILLE PIKE,2,2
5.2199,KINGS CROSSING BLVD,2,2
5.2199,LEAMAN FARM RD,2,2
5.2199,RICHTER FARM RD,14,14
5.275,AMITY DR,2,2
5.275,APPLE RIDGE RD,1,1
5.275,FLOWER HILL WAY,1,1
5.275,MIDCOUNTY HWY,12,12
5.275,MINERAL SPRINGS DR,1,1
5.275,WASHINGTON GROVE LA,36,36
5.3042,GLEN RD,8,8
5.3088,,3,3
5.3088,EDWARDS FERRY RD,1,1
5.3088,FISHER AVE,4,4
5.3088,WHITES FERRY RD,10,10
5.3097,ALLOWAY DR,2,2
5.3097,BRADLEY BLVD,2,2
5.3097,DEMOCRACY BLVD,10,10
5.3097,SEVEN LOCKS RD,32,32
5.335,,6,6
5.335,CENTURY BLVD,2,2
5.335,CLARKSBURG RD,1,1
5.335,CRYSTAL ROCK DR,68,68
5.335,FATHER HURLEY BLVD,10,10
5.335,FREDERICK RD,3,3
5.335,GERMANTOWN RD,20,20
5.335,MIDDLEBROOK RD,12,12
5.335,RIDGE RD,2,2
5.335,WISTERIA DR,5,5
5.3543,,2,2
5.3543,NELSON ST,8,8
5.3543,W MONTGOMERY AVE,7,7
5.5004,,5,5
5.5004,FIELDS RD,17,17
5.5004,SAM EIG HWY,13,13
5.5031,,2,2
5.5031,CONNECTICUT AVE,14,14
5.5031,RANDOLPH RD,91,91
5.5031,VEIRS MILL RD,5,5
5.5074,CONNECTICUT AVE,7,7
5.5074,EAST WEST HWY,35,35
5.5074,MONTGOMERY AVE,1,1
5.5074,WISCONSIN AVE,2,2
5.5396,FIELDCREST RD,9,9
5.5396,WOODFIELD RD,2,2
5.5717,BROADBIRCH DR,8,8
5.5717,CALVERTON BLVD,25,25
5.5717,CHERRY HILL RD,16,16
5.583,DUVALL DR,1,1
5.583,MASSACHUSETTS AVE,12,12
5.583,WESTMORELAND CIR,7,7
5.6118,ANNAPOLIS ROCK RD,2,2
5.6118,DAMASCUS RD,28,28
5.6118,MAIN ST,13,13
5.6118,MUNCASTER RD,1,1
5.6118,NORBECK RD,3,3
5.6118,WOODFIELD RD,2,2
5.617,,2,2
5.617,BROOKS AVE,1,1
5.617,MONTGOMERY VILLAGE AVE,21,21
5.617,ODENDHAL AVE,6,6
5.617,RUSSELL AVE,64,64
5.6438,SEVEN LOCKS RD,15,15
5.6473,MONTROSE PKENWORTHY,26,26
5.6473,RANDOLPH RD,3,3
5.6515,DARNESTOWN RD,12,12
5.6515,DICKERSON RD,7,7
5.6515,MARTINSBURG RD,1,1
5.6899,,7,7
5.6899,PARKLAWN DR,29,29
5.6899,RANDOLPH RD,10,10
5.6899,TWINBROOK PKENWORTHY,6,6
5.6969,DARNESTOWN RD,42,42
5.6969,GLENORA LA,1,1
5.6969,W MONTGOMERY AVE,5,5
5.7327,,7,7
5.7327,COLUMBIA PIKE,8,8
5.7327,OLD COLUMBIA PIKE,80,80
5.7327,SANDY SPRING RD,27,27
5.7327,SPENCERVILLE RD,2,2
5.7626,MUNCASTER MILL RD,28,28
5.7626,NORBECK RD,14,14
5.789,BRINK RD,2,2
5.789,FREDERICK RD,6,6
5.789,RIDGE RD,43,43
5.8427,GOLDSBORO RD,27,27
5.8427,RIVER RD,10,10
5.9142,,11,11
5.9142,BUREAU DR,2,2
5.9142,E DIAMOND AVE,49,49
5.9142,GIRARD ST,2,2
5.9292,,2,2
5.9292,CHAPMAN AVE,3,3
5.9292,FISHERS LA,2,2
5.9292,HUNGERFORD DR,2,2
5.9292,PARKLAWN DR,5,5
5.9292,RANDOLPH RD,2,2
5.9292,ROCKVILLE PIKE,8,8
5.9292,TWINBROOK PKENWORTHY,95,95
5.9292,VEIRS MILL RD,6,6
5.9303,CENTERWAY RD,2,2
5.9303,EMORY GROVE RD,2,2
5.9303,GOSHEN RD,71,71
5.9303,MIDCOUNTY HWY,2,2
5.9388,RAMP 8 FR IS 495 SB TO CLARA BARTON PKENWORTHY,1,1
5.979,,2,2
5.979,ARLINGTON RD,2,2
5.979,BRADLEY BLVD,57,57
5.979,BRADLEY LA,6,6
5.979,GOLDSBORO RD,2,2
5.979,LELAND ST,1,1
5.979,OFFUTT LA,1,1
5.979,WISCONSIN AVE,8,8
5.9839,,1,1
5.9839,SEVEN LOCKS RD,22,22
5.9839,TUCKERMAN LA,2,2
6.0313,,5,5
6.0313,CARROLL AVE,59,59
6.0313,CHESTER ST,2,2
6.0313,LINCOLN AVE,6,6
6.0313,UNISSANVERSITY BLVD E,13,13
6.0313,WILDWOOD DR,1,1
6.0431,,2,2
6.0431,CONNECTICUT AVE,4,4
6.0431,E WAYNE AVE,2,2
6.0431,LITACURAE FALLS PARKENWORTHAY,2,2
6.0431,LITACURAE FALLS PKENWORTHY,20,20
6.0431,RIVER RD,4,4
6.1454,,1,1
6.1454,COLESVILLE RD,246,246
6.1454,FENTON ST,4,4
6.1454,GEORGIA AVE,6,6
6.1454,SPRING ST,2,2
6.1521,,6,6
6.1521,COLESVILLE RD,4,4
6.1521,DIXON AVE,1,1
6.1521,ETHAN ALLEN AVE,2,2
6.1521,FENTON ST,8,8
6.1521,GEORGIA AVE,17,17
6.1521,RAMSEY AVE,3,3
6.1521,RAMSEY AVENUE,2,2
6.1521,SLIGO CREEK PKENWORTHY,6,6
6.1521,WAYNE AVE,75,75
6.1521,WAYNE AVENUE,2,2
6.1558,,1,1
6.1558,CONNECTICUT AVE,12,12
6.1558,FERRARA AVE,3,3
6.1558,GEORGIA AVE,2,2
6.1558,RANDOLPH RD,4,4
6.1558,SAMPSON RD,4,4
6.1558,SELFRIDGE RD,1,1
6.1558,TACKBROOKE DR,1,1
6.1558,UNKNOWNHEY DR,1,1
6.1558,VEIRS MILL RD,102,102
6.1558,VEIRS MILL SERV RD,1,1
6.1558,WEISMAN RD,2,2
6.1634,,2,2
6.1634,MUNCASTER MILL RD,4,4
6.1634,MUNCASTER RD,17,17
6.2265,BALTIMORE RD,26,26
6.2265,DENHAM RD,1,1
6.2265,FIRST ST,12,12
6.2265,NORBECK RD,13,13
6.2265,TAYLOR AVE,2,2
6.2697,,1,1
6.2697,CLOPPER RD,2,2
6.2697,GREAT SENECA HWY,84,84
6.2697,MIDDLEBROOK RD,2,2
6.2697,WISTERIA DR,7,7
6.2872,,1,1
6.2872,EISENHOWER MEMORIAL HWY,4,4
6.3504,BRYANTS NURSERY RD,3,3
6.3504,NEW HAMPSHIRE AVE,23,23
6.3504,NORBECK RD,2,2
6.3504,NORWOOD RD,35,35
6.3704,KNOWLES AVE,2,2
6.3704,PLYERS MILL RD,1,1
6.3704,SUMMIT AVE,6,6
6.3771,,2,2
6.3771,BEL PRE RD,14,14
6.3771,CONNECTICUT AVE,102,102
6.3771,GEORGIA AVE,10,10
6.3771,GRAND PRE RD,2,2
6.3771,WB CONNECTICUT AVE.,2,2
6.3771,WESTBURY RD,2,2
6.5064,DARNESTOWN RD,57,57
6.5064,GREAT SENECA HWY,1,1
6.5064,KEY WEST AVE,5,5
6.5148,,1,1
6.5148,BRINK RD,8,8
6.5148,DAMASCUS RD,4,4
6.5148,LAYTONSVILLE RD,2,2
6.5148,SUNDOWN RD,16,16
6.545,,4,4
6.545,EISENHOWER MEMORIAL HWY,1,1
6.545,FREDERICK RD,10,10
6.545,MIDDLEBROOK RD,65,65
6.545,RAMP 6 FR MIDDLEBROOK RD EB TO IS 270 SB,2,2
6.6042,,1,1
6.6042,GOSHEN RD,18,18
6.6042,SNOUFFER SCHOOL RD,2,2
6.6042,SNOUFFERS SCHOOL RD,43,43
6.6042,WIGHTMAN RD,3,3
6.6264,,3,3
6.6264,BRADLEY BLVD,6,6
6.6264,DEMOCRACY BLVD,11,11
6.6264,FERNWOOD RD,58,58
6.6264,LONE OAK DR,4,4
6.6264,MICHAELS DR,3,3
6.6264,ROCKLEDGE DR,1,1
6.6389,,2,2
6.6389,CLARKSBURG RD,7,7
6.6389,CLOPPER RD,58,58
6.6389,GERMANTOWN RD,7,7
6.6389,SCHAEFFER RD,2,2
6.6733,,2,2
6.6733,BRIGGS CHANEY RD,16,16
6.6733,FAIRDALE RD,2,2
6.6733,FAIRLAND RD,2,2
6.7261,E JEFFERSON ST,5,5
6.7261,JOSIAH HENSON PKENWORTHY,1,1
6.7261,MONTROSE PKENWORTHY,56,56
6.7261,MONTROSE RD,4,4
6.7305,CLARKSBURG RD,21,21
6.7305,EISENHOWER MEMORIAL HWY,1,1
6.777,,4,4
6.777,ASHTON RD,3,3
6.777,DR BIRD RD,2,2
6.777,NEW HAMPSHIRE AVE,6,6
6.777,NORWOOD RD,2,2
6.777,OLNEY SANDY SPRING RD,48,48
6.8067,,8,8
6.8067,CRYSTAL ROCK DR,1,1
6.8067,GERMANTOWN RD,8,8
6.8067,GREAT SENECA HWY,5,5
6.8067,WALTER JOHNSON RD,2,2
6.8067,WISTERIA DR,54,54
6.8074,,3,3
6.8074,DEMOCRACY BLVD,52,52
6.8074,FALLS RD,2,2
6.8074,OLD GEORGETOWN RD,3,3
6.8074,RAMP 2 FR DEMOCRACY BLVD TO IS 270Y NB,1,1
6.8074,RAMP 6 FR CLARA BARTON PKENWORTHY TO IS 495 SB,2,2
6.8074,ROCKLEDGE DR,8,8
6.8074,WESACURAAKE TERR,2,2
6.8123,AMESFIELD CT,2,2
6.8123,BAUER DR,17,17
6.8123,NADINE DR,1,1
6.8123,NORBECK RD,10,10
6.8341,OLD GEORGETOWN RD,1,1
6.8341,ROCKVILLE PIKE,16,16
6.8341,TUCKERMAN LA,29,29
6.9338,,2,2
6.9338,FOREST GLEN RD,33,33
6.9338,GEORGIA AVE,17,17
6.9338,SLIGO CREEK PKENWORTHY,2,2
6.9338,WOODLAND DR,4,4
6.9821,,1,1
6.9821,BRIGGS CHANEY RD,37,37
6.9821,LEGEND OAKS DR,1,1
7.0437,PINEY GLEN CT,1,1
7.0437,PINEY MEETINGHOUSE RD,19,19
7.0437,SHADY GROVE RD,4,4
7.0437,TRAVILAH RD,1,1
7.0736,,2,2
7.0736,CRABBS BRANCH WAY,1,1
7.0736,MUNCASTER MILL RD,2,2
7.0736,NEEDWOOD RD,23,23
7.0844,DIAMONDBACK DR,2,2
7.0844,SAM EIG HWY,29,29
7.2464,EMORY ST,1,1
7.2464,IVY OAK DR,2,2
7.2464,MUNCASTER MILL RD,89,89
7.2464,SHADY GROVE RD,5,5
7.2464,SNOUFFERS SCHOOL RD,4,4
7.2464,WOODFIELD RD,10,10
7.2585,MILL RUN DR,4,4
7.2585,MUNCASTER MILL RD,4,4
7.2585,SHADY GROVE RD,63,63
7.2932,,3,3
7.2932,GREAT SENECA HWY,4,4
7.2932,MCDONALD CHAPEL DR,2,2
7.2932,QUINCE ORCHARD RD,21,21
7.3833,GLADWYNE DR,1,1
7.3833,JONES BRIDGE RD,33,33
7.3833,ROCKVILLE PIKE,16,16
7.3833,UNISSANVERSITY ROAD,2,2
7.5261,BOLAND FARM RD,4,4
7.5261,GERMANTOWN RD,6,6
7.5261,OBSERVATION DR,27,27
7.5261,RIDGE RD,8,8
7.6294,KEMPTOWN RD,5,5
7.6371,,4,4
7.6371,CLOPPER RD,2,2
7.6371,EISENHOWER MEMORIAL HWY,2,2
7.6371,FREDERICK RD,13,13
7.6371,MONTGOMERY VILLAGE AVE,42,42
7.6371,QUINCE ORCHARD RD,37,37
7.6544,,7,7
7.6544,FIELDCREST RD,8,8
7.6544,LAYTONSVILLE RD,20,20
7.6544,NEW HAMPSHIRE AVE,2,2
7.6544,OLNEY LAYTONSVILLE RD,66,66
7.9231,RIVER RD,18,18
7.9231,SENECA RD,2,2
7.9678,BETHESDA CHURCH RD,1,1
7.9678,OLD HUNDRED RD,2,2
7.9678,RIDGE RD,35,35
8.0703,,4,4
8.0703,CONOVER DR,1,1
8.0703,DENNISSANS AVE,44,44
8.0703,EDGEWOOD AVE,2,2
8.0703,GEORGIA AVE,14,14
8.0703,TENBROOK DR,1,1
8.0703,UNISSANVERSITY BLVD W,5,5
8.1109,,2,2
8.1109,FREDERICK RD,15,15
8.1109,GERMANTOWN RD,74,74
8.1697,PARK RD,2,2
8.1697,SNOWDEN FARM PKENWORTHY,2,2
8.1697,STRINGTOWN RD,11,11
8.1697,VEIRS MILL RD,3,3
8.2176,,2,2
8.2176,BROADBIRCH DR,2,2
8.2176,CHERRY HILL RD,4,4
8.2176,COLUMBIA PIKE,37,37
8.2176,GREENCASACURAE RD,33,33
8.2176,OLD COLUMBIA PIKE,2,2
8.26,,8,8
8.26,BOILING BROOK PKENWORTHY,3,3
8.26,NISSANCHOLSON LA,52,52
8.26,PARKLAWN DR,67,67
8.26,ROCKVILLE PIKE,6,6
8.3173,ABERDEEN RD,2,2
8.3173,BRADLEY BLVD,80,80
8.3173,GOLDSBORO RD,2,2
8.3173,HUNTINGTON PKENWORTHY,2,2
8.3173,MCLEAN DR,2,2
8.3173,WILSON LA,2,2
8.412,DARNESTOWN RD,35,35
8.412,WHITES FERRY RD,2,2
8.4531,ABERDEEN RD,2,2
8.4531,ARLINGTON RD,2,2
8.4531,EXETER RD,2,2
8.4531,FAIRFAX RD,2,2
8.4531,OLD GEORGETOWN RD,4,4
8.4531,WILSON LA,63,63
8.4531,WILSON LA SERV RD,2,2
8.5353,,2,2
8.5353,BUREAU DR,8,8
8.5353,CLOPPER RD,2,2
8.5353,QUINCE ORCHARD RD,10,10
8.5353,W DIAMOND AVE,136,136
8.6114,DORSEY RD,4,4
8.6114,WARFIELD RD,17,17
8.6114,WIGHTMAN RD,5,5
8.6114,WOODFIELD RD,7,7
8.713,,2,2
8.713,CONNECTICUT AVE,4,4
8.713,EAST AVE,3,3
8.713,PERRY AVE,2,2
8.713,UNISSANVERSITY BLVD W,92,92
8.713,VALLEY VIEW AVE,2,2
8.713,VEIRS MILL RD,8,8
8.8578,BLUEBELL LA,1,1
8.8578,BOWIE MILL RD,21,21
8.8578,CASHELL RD,1,1
8.8578,FOGGY LA,3,3
8.8578,MUNCASTER MILL RD,2,2
8.9389,,2,2
8.9389,COLESVILLE RD,4,4
8.9389,GEORGIA AVE,142,142
8.9389,GEORGIA AVENUE,3,3
8.9389,HIGHLAND DR,2,2
8.9389,WOODSIDE PKENWORTHY,2,2
9.0884,,5,5
9.0884,CAPITOL VIEW AVE,13,13
9.0884,CONNECTICUT AVE,18,18
9.0884,DARCY FOREST DR,1,1
9.0884,FOREST GLEN CT,2,2
9.0884,FOREST GLEN RD,22,22
9.0884,GEORGIA AVE,32,32
9.0884,GLEN AVE,2,2
9.0884,METROPOLITAN AVE,7,7
9.0884,PLYERS MILL RD,8,8
9.0884,STONEYBROOK DR,2,2
9.0884,VIRGINISSANA AVE,2,2
9.107,,2,2
9.107,MIDCOUNTY HWY,80,80
9.107,SHADY GROVE RD,8,8
9.107,WOODFIELD RD,2,2
9.3221,CLOPPER RD,2,2
9.3221,DARNESTOWN RD,4,4
9.3221,GERMANTOWN RD,60,60
9.3221,GREAT SENECA HWY,2,2
9.3833,GEORGIA AVE,27,27
9.4131,DARNESTOWN RD,4,4
9.4131,TRAVILAH RD,20,20
9.5589,,5,5
9.5589,MOONEY DR,1,1
9.5589,SNOUFFER SCHOOL RD,2,2
9.5589,SNOUFFER SCHOOL ROAD,1,1
9.5589,SNOUFFERS SCHOOL RD,97,97
9.5589,WOODFIELD RD,2,2
9.5683,,1,1
9.5683,16TH ST,71,71
9.5683,EAST WEST HWY,8,8
9.6268,,1,1
9.6268,BARNESVILLE RD,8,8
9.6268,BUCKLODGE RD,21,21
9.6268,DARNESTOWN RD,1,1
9.6699,,20,20
9.6699,ARLISS ST,4,4
9.6699,BARRON ST,4,4
9.6699,CARROLL AVE,8,8
9.6699,FLOWER AVE,2,2
9.6699,GREENWOOD AVE,2,2
9.6699,PINEY BRANCH RD,208,208
9.6699,RUATAN ST,1,1
9.6699,UNISSANVERSITY BLVD E,24,24
9.8142,,2,2
9.8142,CRABBS BRANCH WAY,4,4
9.8142,EISENHOWER MEMORIAL HWY,1,1
9.8142,FREDERICK RD,6,6
9.8142,METRO ACCESS RD,2,2
9.8142,MUNCASTER MILL RD,2,2
9.8142,REDLAND RD,61,61
9.8142,SOMERVILLE DR,2,2
9.8796,BEALL AVE #2,2,2
9.8796,DARNESTOWN RD,43,43
9.8796,QUINCE ORCHARD RD,4,4
9.9036,FREDERICK RD,7,7
9.9036,OAKMONT AVE,4,4
9.9036,SHADY GROVE RD,111,111
10.4265,GEORGIA AVE,36,36
10.4265,NORBECK RD,2,2
10.5082,,1,1
10.5082,FALLS RD,35,35
10.5082,MACARTHUR BLVD,1,1
10.5082,RIVER RD,5,5
10.5987,,1,1
10.5987,BALTIMORE RD,4,4
10.5987,FIRST ST,73,73
10.5987,FIRST ST SPUR,3,3
10.5987,GRANDIN AVE,3,3
10.5987,NORBECK RD,35,35
10.5987,VEIRS MILL RD,2,2
10.6851,,9,9
10.6851,BRIGGS CHANEY RD,10,10
10.6851,COLUMBIA PIKE,2,2
10.6851,E RANDOLPH RD,10,10
10.6851,FAIRLAND RD,9,9
10.6851,MARTELLO DR,2,2
10.6851,MUSGROVE RD,2,2
10.6851,OLD COLUMBIA PIKE,111,111
10.6851,SANDY SPRING RD,1,1
10.6984,,1,1
10.6984,CHRISTOPHER AVE,4,4
10.6984,FREDERICK RD,7,7
10.6984,LOST KNISSANFE RD,13,13
10.6984,MONTGOMERY VILLAGE AVE,191,191
10.6984,QUINCE ORCHARD RD,4,4
10.6984,RUSSELL AVE,11,11
10.7307,,15,15
10.7307,ARCOLA AVE,4,4
10.7307,BLUERIDGE AVE,2,2
10.7307,FERN ST,1,1
10.7307,GEORGIA AVE,259,259
10.7307,HICKERSON DR,3,3
10.7307,NORBECK RD,3,3
10.7307,PRICE AVE,2,2
10.7307,REEDIE DR,3,3
10.7307,UNISSANVERSITY BLVD W,6,6
10.7404,FIELDCREST RD,2,2
10.7404,WOODFIELD RD,68,68
10.7473,BRIGHTON DAM RD,7,7
10.7473,NEW HAMPSHIRE AVE,4,4
10.8042,,1,1
10.8042,BONISSANFANT RD,76,76
10.8042,LAYHILL RD,6,6
10.8042,NEW HAMPSHIRE AVE,5,5
10.8042,NOACURAEY RD,6,6
10.8135,,2,2
10.8135,AIRCRAFT DR,1,1
10.8135,FREDERICK RD,3,3
10.8135,GERMANTOWN RD,90,90
10.8135,MIDDLEBROOK RD,13,13
10.8263,,1,1
10.8263,BRADLEY BLVD,33,33
10.8263,SEVEN LOCKS RD,3,3
10.831,,1,1
10.831,DARNESTOWN RD,5,5
10.831,FISHER AVE,24,24
10.831,WHITES FERRY RD,51,51
10.9739,,8,8
10.9739,DALE DR,1,1
10.9739,FLOWER AVE,5,5
10.9739,NEW HAMPSHIRE AVE,2,2
10.9739,PHILADELPHIA AVE,7,7
10.9739,PINEY BRANCH RD,144,144
10.9739,PINEY BRANCH ROAD,2,2
10.9739,RAY DR,1,1
10.9739,RITCHIE AVE,2,2
10.9739,SLIGO AVE,1,1
10.9739,SLIGO CREEK PKENWORTHY,5,5
10.9762,,10,10
10.9762,13TH ST,1,1
10.9762,BLAIR RD,2,2
10.9762,BURLINGTON AVE,2,2
10.9762,COLESVILLE RD,3,3
10.9762,EAST WEST HWY,2,2
10.9762,ELLSWORTH DR,2,2
10.9762,GEORGIA AVE,203,203
10.9762,GEORGIA AVENUE,2,2
10.9762,KING ST,2,2
10.9762,NEW HAMPSHIRE AVE,2,2
10.9762,RIPLEY ST,1,1
10.9762,SILVER SPRING AVE,4,4
10.9762,THAYER AVE,4,4
10.9762,WAYNE AVE,8,8
11.0717,BUCKLODGE RD,1,1
11.0717,DARNESTOWN RD,52,52
11.0883,,5,5
11.0883,DAMASCUS RD,2,2
11.0883,GEORGIA AVE,7,7
11.0883,GOOD HOPE RD,1,1
11.0883,LONGMEAD CROSSING DR,1,1
11.0883,NEW HAMPSHIRE AVE,2,2
11.0883,OLD BALTIMORE RD,2,2
11.0883,OLD VIC BLVD,1,1
11.0883,OLNEY LAYTONSVILLE RD,3,3
11.0883,OLNEY SANDY SPRING RD,86,86
11.0883,PEACH ORCHARD RD,1,1
11.0883,PRINCE PHILIP DR,6,6
11.0883,TIVOLI LAKE BLVD,1,1
11.1542,,2,2
11.1542,RAMP 1 FR RAMP 4 (FR IS495) TO MD 190 WB,1,1
11.1542,RIVER RD,67,67
11.1542,SEVEN LOCKS RD,2,2
11.2274,ASHTON RD,2,2
11.2274,EDNOR RD,2,2
11.2274,GEORGIA AVE,3,3
11.2274,NEW HAMPSHIRE AVE,50,50
11.2274,NORWOOD RD,2,2
11.2274,SPENCERVILLE RD,7,7
11.2274,TUCKER LA,1,1
11.4083,,3,3
11.4083,BRINK RD,1,1
11.4083,CENTERWAY RD,10,10
11.4083,EAST VILLAGE AVE,1,1
11.4083,FRAMINGHAM DR,2,2
11.4083,GOSHEN RD,85,85
11.4083,MONTGOMERY VILLAGE AVE,2,2
11.4083,SNOUFFERS SCHOOL RD,7,7
11.4838,,7,7
11.4838,EISENHOWER MEMORIAL HWY,2,2
11.4838,MONTROSE PKENWORTHY,2,2
11.4838,OLD GEORGETOWN RD,13,13
11.4838,TUCKERMAN LA,47,47
11.5032,,1,1
11.5032,BOWMAN MILL RD,2,2
11.5032,CLOPPER RD,12,12
11.5032,EISENHOWER MEMORIAL HWY,2,2
11.5032,GERMANTOWN RD,80,80
11.5032,MIDDLEBROOK RD,2,2
11.5032,WISTERIA DR,4,4
11.6251,,1,1
11.6251,COLUMBIA PIKE,25,25
11.6251,E RANDOLPH RD,8,8
11.6251,FAIRLAND RD,77,77
11.6251,OLD COLUMBIA PIKE,8,8
11.681,,4,4
11.681,CORWIN DR,2,2
11.681,GEORGIA AVE,245,245
11.681,SEMINARY PL,2,2
11.681,SEMINARY RD,2,2
11.681,WINDHAM LA,2,2
11.8874,GOSHEN RD,3,3
11.8874,MIDCOUNTY HWY,88,88
11.8874,MONTGOMERY VILLAGE AVE,9,9
11.8874,PIER POINT PL,1,1
11.8874,WOODFIELD RD,4,4
11.9065,,7,7
11.9065,CHOKE CHERRY RD,2,2
11.9065,DOVER RD,2,2
11.9065,FREDERICK RD,17,17
11.9065,GAITHER RD,4,4
11.9065,RAMP 1 FR IS 270 NB TO SHADY GROVE RD WB,3,3
11.9065,SHADY GROVE RD,196,196
11.9065,WILMART ST,1,1
11.9387,ASHTON KNOLLS LA,1,1
11.9387,ASHTON RD,6,6
11.9387,HAVILAND MILL RD,1,1
11.9387,NEW HAMPSHIRE AVE,86,86
11.9387,SAPLING RIDGE LA,2,2
11.979,BETHESDA CHURCH RD,2,2
11.979,CLARKSBURG RD,86,86
11.979,CLOPPER RD,2,2
12.0358,,1,1
12.0358,FALLSGROVE DR,2,2
12.0358,FREDERICK RD,5,5
12.0358,RESEARCH BLVD,2,2
12.0358,W GUDE DR,55,55
12.0358,W MONTGOMERY AVE,10,10
12.0792,,8,8
12.0792,BRADLEY BLVD,3,3
12.0792,COUNSELMAN RD,1,1
12.0792,FALLS RD,2,2
12.0792,RIVER RD,45,45
12.0978,,12,12
12.0978,RAMP 1 FR RP 4 EB TO DEMOCRACY BLVD,2,2
12.0978,RIVER RD,105,105
12.0978,SEVEN LOCKS RD,2,2
12.0978,WESTBARD AVE,4,4
12.1441,CABIN JOHN PKENWORTHY,16,16
12.1441,CAPITAL BELTWAY,1,1
12.3052,,2,2
12.3052,DUNDEE RD,1,1
12.3052,LONGHILL DR,2,2
12.3052,ROCKVILLE PIKE,1,1
12.3052,S FALLSMEAD WAY,2,2
12.3052,WOOTTON PKENWORTHY,25,25
12.3239,DICKERSON RD,5,5
12.3239,MOUTH OF MONOCACY RD,2,2
12.4269,BLUHILL RD,6,6
12.4269,CONNECTICUT AVE,10,10
12.4269,DENLEY RD,1,1
12.4269,GEORGIA AVE,15,15
12.4269,NORBECK RD,2,2
12.4269,RANDOLPH RD,212,212
12.5565,,1,1
12.5565,BONISSANFANT RD,2,2
12.5565,NEW HAMPSHIRE AVE,99,99
12.5565,NORBECK RD,2,2
12.5565,NORWOOD RD,3,3
12.5565,SPENCERVILLE RD,2,2
12.5565,STONEGATE DR,2,2
12.8017,,1,1
12.8017,AIRPARK RD,78,78
12.8017,MUNCASTER MILL RD,3,3
12.8017,SHADY GROVE RD,2,2
12.8017,STRATOS LA,1,1
12.8017,WOODFIELD RD,4,4
12.8994,BRIARDALE RD,3,3
12.8994,FREDERICK RD,2,2
12.8994,MIDCOUNTY HWY,14,14
12.8994,SHADY GROVE RD,152,152
12.8994,WIGHTMAN RD,3,3
13.002,BONISSANFANT RD,2,2
13.002,LAYHILL RD,121,121
13.002,NORBECK RD,15,15
13.002,NORWOOD RD,28,28
13.4385,,2,2
13.4385,DAMASCUS RD,18,18
13.4385,LAYTONSVILLE RD,31,31
13.5483,ANNAPOLIS ROCK RD,6,6
13.6579,FATHER HURLEY BLVD,52,52
13.6579,FREDERICK RD,8,8
13.6579,OBSERVATION DR,5,5
13.6579,RAMP 4 FR IS 270 NB TO RIDGE RD EB,2,2
13.6579,RIDGE RD,93,93
13.9745,E RANDOLPH RD,2,2
13.9745,MIDLAND RD,4,4
13.9745,NEW HAMPSHIRE AVE,106,106
14.1394,,2,2
14.1394,E JEFFERSON ST,21,21
14.1394,EISENHOWER MEMORIAL HWY,1,1
14.1394,JEFFERSON PLAZA,2,2
14.1394,NELSON ST,2,2
14.1394,REDLAND BLVD,2,2
14.1394,ROCKVILLE PIKE,28,28
14.1394,TWINBROOK PKENWORTHY,1,1
14.1394,VEIRS MILL RD,7,7
14.1394,W JEFFERSON ST,16,16
14.1394,W MONTGOMERY AVE,46,46
14.143,,1,1
14.143,ADELPHI RD,8,8
14.143,CAPITAL BELTWAY,2,2
14.143,NEW HAMPSHIRE AVE,318,318
14.143,NEW HAMPSHIRE AVE SER RD,2,2
14.143,OAKVIEW DR,10,10
14.248,ALTA VISTA RD,2,2
14.248,EAST WEST HWY,2,2
14.248,ROCKVILLE PIKE,95,95
14.3177,CHERRY HILL RD,1,1
14.3177,COLUMBIA PIKE,93,93
14.3177,FAIRLAND RD,9,9
14.3283,,19,19
14.3283,AACURAANTIC AVE,4,4
14.3283,BROADWOOD DR,4,4
14.3283,CLAGETT DR,2,2
14.3283,FIRST ST,4,4
14.3283,NORBECK RD,2,2
14.3283,ROCKVILLE PIKE,2,2
14.3283,S STONESTREET AVE,2,2
14.3283,SEVEN LOCKS RD,1,1
14.3283,VEIRS MILL RD,198,198
14.3283,VEIRS MILL SERV RD,4,4
14.3804,,30,30
14.3804,ALLEY #4,2,2
14.3804,CARROLL AVE,2,2
14.3804,DEVONSHIRE RD,2,2
14.3804,ERSKINE ST,2,2
14.3804,GLENSIDE DR,2,2
14.3804,HOLTON LA,6,6
14.3804,KENNEWICK AVE,2,2
14.3804,KIRKLYNN AVE,2,2
14.3804,LARCH AVE,2,2
14.3804,LINDEN AVE,2,2
14.3804,MERRIMAC DR,2,2
14.3804,MERWOOD DR,6,6
14.3804,NEW HAMPSHIRE AVE,225,225
14.3804,NEW HAMPSHIRE AVE SER RD,3,3
14.3804,NEW HAMPSHIRE AVE SERV RD,10,10
14.529,FATHER HURLEY BLVD,104,104
14.529,MIDDLEBROOK RD,5,5
14.529,OBSERVATION DR,2,2
14.529,RIDGE RD,4,4
14.529,WATERS LANDING DR,2,2
14.529,WISTERIA DR,2,2
14.529,WYNNFIELD DR,3,3
14.9949,CENTERHILL ST,1,1
14.9949,CONNECTICUT AVE,8,8
14.9949,DALEWOOD DR,3,3
14.9949,IDLEWOOD RD,1,1
14.9949,MONTERREY DR,4,4
14.9949,NEWPORT MILL RD,3,3
14.9949,PENDLETON DR,1,1
14.9949,RANDOLPH RD,2,2
14.9949,UNISSANVERSITY BLVD W,10,10
14.9949,VALLEYWOOD DR,1,1
14.9949,VEIRS MILL RD,289,289
15.054,,6,6
15.054,GALENA RD,1,1
15.054,GAYNOR RD,2,2
15.054,NEBEL ST,9,9
15.054,PARKLAWN DR,2,2
15.054,RANDOLPH RD,193,193
15.054,ROCKING HORSE RD,1,1
15.054,SELFRIDGE RD,4,4
15.054,VEIRS MILL RD,3,3
15.1491,,5,5
15.1491,CENTURY BLVD,6,6
15.1491,FATHER HURLEY BLVD,15,15
15.1491,GERMANTOWN RD,7,7
15.1491,GREAT SENECA HWY,3,3
15.1491,LOCBURY DR,2,2
15.1491,MIDDLEBROOK RD,200,200
15.2445,,18,18
15.2445,AMHERST AVE,1,1
15.2445,GEORGIA AVE,313,313
15.2445,GEORGIAN WAY,1,1
15.2445,KEMP MILL RD,2,2
15.2445,LINDELL ST,4,4
15.2445,MASON ST,2,2
15.2445,RANDOLPH RD,4,4
15.2445,REEDIE DR,2,2
15.2445,SHERATON ST,2,2
15.2445,SHOREFIELD RD,7,7
15.6522,BEACH DR,36,36
15.6522,CEDAR LA,2,2
15.6522,CONNECTICUT AVE,4,4
15.6522,GARRETT PARK RD,1,1
15.6522,KENSINGTON PKENWORTHY,2,2
15.6522,KNOWLES AVE,2,2
15.6522,STONEYBROOK DR,1,1
16.3232,,1,1
16.3232,FALLS RD,2,2
16.3232,FIRST ST,2,2
16.3232,FLEET ST,4,4
16.3232,ROCKVILLE PIKE,2,2
16.3232,SEVEN LOCKS RD,3,3
16.3232,TOWER OAKS BLVD,2,2
16.3232,W EDMONSTON DR,2,2
16.3232,WOOTTON PKENWORTHY,77,77
16.5553,,9,9
16.5553,AMHERST AVE,8,8
16.5553,ARCOLA AVE,4,4
16.5553,ELKIN ST,3,3
16.5553,GEORGIA AVE,18,18
16.5553,GRANDVIEW AVE,6,6
16.5553,PEBBLE RUN DR,1,1
16.5553,SLIGO CREEK PKENWORTHY,3,3
16.5553,UNISSANVERSITY BLVD W,217,217
16.5553,VEIRS MILL RD,8,8
16.9235,BALD CYPRESS DR,2,2
16.9235,GLEN MILL RD,10,10
17.0868,CABIN JOHN PKENWORTHY,9,9
17.0868,CLARA BARTON PKENWORTHY,4,4
17.1757,,7,7
17.1757,BANK ST,3,3
17.1757,CLOPPER RD,5,5
17.1757,FIRSTFIELD RD,5,5
17.1757,QUINCE ORCHARD BLVD,3,3
17.1757,QUINCE ORCHARD RD,196,196
17.1757,W DIAMOND AVE,10,10
17.2617,,11,11
17.2617,NORBECK RD,3,3
17.2617,OLD GEORGETOWN RD,88,88
17.5152,CONNECTICUT AVE,138,138
17.5152,DECATUR AVE,1,1
17.5152,PERRY AVE,3,3
17.5152,UNISSANVERSITY BLVD W,1,1
17.5152,VEIRS MILL RD,2,2
17.7105,ASHTON RD,35,35
17.7105,MINK HOLLOW RD,2,2
17.7105,NEW HAMPSHIRE AVE,4,4
17.7105,TUCKER LA,2,2
17.7853,,1,1
17.7853,APPLEDOWRE WAY,1,1
17.7853,FREDERICK RD,179,179
17.7853,GERMANTOWN RD,8,8
17.7853,HENDERSON CORNER RD,2,2
17.7853,NEELSVILLE CHURCH RD,2,2
17.7853,RIDGE RD,2,2
17.7853,SHAKESPEARE BLVD,2,2
17.9399,,10,10
17.9399,DARNESTOWN RD,6,6
17.9399,DIAMONDBACK DR,2,2
17.9399,EISENHOWER MEMORIAL HWY,2,2
17.9399,GREAT SENECA HWY,4,4
17.9399,MUDDY BRANCH RD,203,203
17.9399,PERRY PKENWORTHY,2,2
17.9399,QUINCE ORCHARD RD,2,2
17.9399,SUFFIELD DR,2,2
17.9399,W DEER PARK RD,2,2
17.9399,W DIAMOND AVE,4,4
17.9574,,4,4
17.9574,BEL PRE RD,4,4
17.9574,BRIGGS RD,2,2
17.9574,GEORGIA AVE,8,8
17.9574,GLENALLAN AVE,1,1
17.9574,INDIAN SPRING RD,1,1
17.9574,LAYHILL RD,133,133
17.9574,NORBECK RD,1,1
17.9574,OLNEY LAYTONSVILLE RD,2,2
18.0759,BREWSTER AVE,2,2
18.0759,COLESVILLE RD,194,194
18.0759,FRANKLIN AVE,2,2
18.0759,KNOWLES AVE,2,2
18.0759,SLIGO CREEK PKENWORTHY,4,4
18.4175,,3,3
18.4175,EMORY GROVE RD,2,2
18.4175,MIDCOUNTY HWY,8,8
18.4175,MUNCASTER MILL RD,4,4
18.4175,SNOUFFERS SCHOOL RD,10,10
18.4175,STRAWBERRY KNOLL RD,1,1
18.4175,WOODFIELD RD,151,151
18.7026,FIELDS RD,3,3
18.7026,GREAT SENECA HWY,1,1
18.7026,RAMP 6 FR IS 370 EB TO RAMP 7 (TO IS270),2,2
18.7026,SAM EIG HWY,17,17
18.7026,WASHINGTONISSANAN BLVD,2,2
18.7938,,1,1
18.7938,LAYHILL RD,8,8
18.7938,NEW HAMPSHIRE AVE,2,2
18.7938,NORBECK RD,34,34
18.7938,NORWOOD RD,6,6
18.7938,SPENCERVILLE RD,2,2
18.877,CAVANAUGH DR,1,1
18.877,DARNESTOWN RD,8,8
18.877,MEDICAL CENTER WAY,2,2
18.877,N LEISUZUKIURE WORLD BLVD,2,2
18.877,PINEY MEETINGHOUSE RD,2,2
18.877,SHADY GROVE RD,75,75
19.3916,,9,9
19.3916,E MELBOURNE AVE,3,3
19.3916,LANGLEY DR,2,2
19.3916,MERRIMAC DR,5,5
19.3916,PINEY BRANCH RD,2,2
19.3916,SEEK LA,2,2
19.3916,SLIGO AVE,2,2
19.3916,UNISSANVERSITY BLVD E,284,284
19.3916,UNISSANVERSITY BLVD E SERV RD,4,4
19.4998,,3,3
19.4998,CAPITAL BELTWAY,2,2
19.4998,CENTER DR,1,1
19.4998,CONNECTICUT AVE,1,1
19.4998,EAST WEST HWY,2,2
19.4998,JONES BRIDGE RD,1,1
19.4998,OAKMONT AVE,2,2
19.4998,OLD GEORGETOWN RD,108,108
19.4998,SEVEN LOCKS RD,1,1
19.4998,WISCONSIN AVE,2,2
19.7085,NEW HAMPSHIRE AVE,5,5
19.7085,NOACURAEY RD,2,2
19.7085,NORBECK RD,4,4
19.7085,OLD COLUMBIA PIKE,5,5
19.7085,SPENCERVILLE RD,174,174
19.7743,BROWN CHURCH RD,3,3
19.7743,KEMPTOWN RD,2,2
19.7743,RIDGE RD,34,34
20.3709,,1,1
20.3709,BRINK RD,114,114
20.3709,GOSHEN RD,3,3
20.3709,RIDGE RD,2,2
20.4472,,8,8
20.4472,ASHTON RD,2,2
20.4472,BATCHELLORS FOREST RD,1,1
20.4472,DAMASCUS RD,2,2
20.4472,DR BIRD RD,1,1
20.4472,EMORY LA,2,2
20.4472,GEORGIA AVE,150,150
20.4472,HOLLY GROVE RD,1,1
20.4472,NEW HAMPSHIRE AVE,3,3
20.4472,OLNEY LAYTONSVILLE RD,2,2
20.4472,OLNEY SANDY SPRING RD,10,10
20.4472,SPARTAN RD,2,2
20.4472,STARKEY TERR,2,2
20.4472,WOODFIELD RD,3,3
20.5253,,2,2
20.5253,CATAWBA MANOR WAY,1,1
20.5253,FREDERICK RD,171,171
20.5253,RIDGE RD,7,7
20.5253,SHAWNEE LA,2,2
20.5253,STRINGTOWN RD,4,4
20.5253,WOODFIELD RD,1,1
20.9026,GEORGIA AVE,6,6
20.9026,NORBECK RD,124,124
20.9026,SB GEORGIA AVE,2,2
21.2407,NEW HAMPSHIRE AVE,85,85
21.2407,NORTHAMPTON DR,4,4
21.4356,,1,1
21.4356,AIRPARK RD,2,2
21.4356,MEADOWSIDE LA,3,3
21.4356,MUNCASTER MILL RD,190,190
21.4356,REDLAND RD,6,6
21.4356,SHADY GROVE RD,1,1
21.4356,WOODFIELD RD,2,2
21.4974,,2,2
21.4974,CECIL ST,2,2
21.4974,E GUDE DR,198,198
21.4974,GREAT FALLS RD,2,2
21.4974,GUDE DR SERVICE DR,2,2
21.4974,NORBECK RD,17,17
21.4974,OMEGA DR,1,1
21.4974,PARK AVE,1,1
21.4974,ROTHGEB DR,3,3
21.4974,TAFT ST,3,3
21.943,,14,14
21.943,ASPEN HILL RD,5,5
21.943,CONNECTICUT AVE,2,2
21.943,ELMCROFT BLVD,1,1
21.943,GEORGIA AVE,290,290
21.943,HEWITT AVE,1,1
21.943,HUNGERFORD DR,2,2
21.943,KAYSON ST,2,2
21.943,LAYHILL RD,2,2
21.943,NORBECK RD,2,2
21.943,RALPH RD,4,4
21.943,RAMP 5 FR IS 270 SB TO MD 28 EB,2,2
21.943,VEIRS MILL RD,5,5
21.943,W JEFFERSON ST,2,2
21.943,WELLER RD,4,4
22.0545,CONNECTICUT AVE,146,146
24.0115,BOWIE MILL RD,2,2
24.0115,GEORGIA AVE,5,5
24.0115,OLNEY LAYTONSVILLE RD,43,43
24.0115,OLNEY MILL RD,2,2
24.0115,OLNEY SANDY SPRING RD,6,6
24.0115,SPARTAN RD,1,1
24.1106,,2,2
24.1106,BRIGGS CHANEY RD,1,1
24.1106,BROADBIRCH DR,15,15
24.1106,CALVERTON BLVD,2,2
24.1106,CHERRY HILL RD,109,109
24.1106,COLUMBIA PIKE,2,2
24.1106,GRACEFIELD RD,2,2
24.1106,NEW HAMPSHIRE AVE,1,1
24.1106,PLUM ORCHARD DR,5,5
24.1106,PROSPERITY DR,4,4
24.6594,,4,4
24.6594,CONNECTICUT AVE,104,104
24.6594,KNOWLES AVE,4,4
24.7961,,1,1
24.7961,APPLE RIDGE RD,1,1
24.7961,CENTERWAY RD,2,2
24.7961,CLUB HOUSE RD,5,5
24.7961,MIDCOUNTY HWY,3,3
24.7961,MONTGOMERY VILLAGE AVE,169,169
24.7961,SPARTANROW VALLEY DR,2,2
24.7961,WALKERS CHOICE RD,1,1
24.7961,WATKINS MILL RD,2,2
24.7961,WIGHTMAN RD,1,1
25.6779,,1,1
25.6779,BRINK RD,4,4
25.6779,HARVEST KNOLLS WAY,2,2
25.6779,MAIN ST,1,1
25.6779,ROLLING FORK DR,2,2
25.6779,WOODFIELD RD,195,195
25.7666,,11,11
25.7666,13TH ST,2,2
25.7666,16TH ST,31,31
25.7666,BLAIR MILL RD,2,2
25.7666,BLAIR MILL WAY,2,2
25.7666,COLESVILLE RD,11,11
25.7666,DIXON AVE,2,2
25.7666,EAST WEST HWY,192,192
25.7666,EAST WEST HWY (W/B COUPLET),1,1
25.7666,GEORGIA AVE,11,11
25.7666,GRUBB RD,2,2
25.7666,MEADOWBROOK LA,1,1
25.7666,ROCKVILLE PIKE,2,2
25.7666,ROSEMARY HILLS RD,2,2
25.7666,RUGBY AVE,1,1
25.7666,WASHINGTON AVE,2,2
26.1208,,7,7
26.1208,ASPEN HILL RD,2,2
26.1208,BEL PRE RD,225,225
26.1208,BEL PRE ROAD,2,2
26.1208,BONISSANFANT RD,2,2
26.1208,CONNECTICUT AVE,6,6
26.1208,GEORGIA AVE,24,24
26.1208,LAYHILL RD,17,17
26.1208,NORBECK RD,8,8
26.1208,OLNEY SANDY SPRING RD,3,3
26.5152,,1,1
26.5152,GREAT SENECA HWY,119,119
26.5152,LONGDRAFT RD,2,2
26.5152,QUINCE ORCHARD RD,3,3
26.5152,SIOUX LA,4,4
27.2562,,14,14
27.2562,BEL PRE RD,4,4
27.2562,CONNECTICUT AVE,12,12
27.2562,GEORGIA AVE,240,240
27.2562,LAYHILL RD,2,2
27.2562,NORBECK RD,2,2
27.2562,UNISSANVERSITY BLVD W,2,2
27.6789,,10,10
27.6789,ARCOLA AVE,1,1
27.6789,BRUNETT AVE,1,1
27.6789,BUCKINGHAM DR,2,2
27.6789,CADILLACDINGTON AVE,2,2
27.6789,CAPITAL BELTWAY,2,2
27.6789,COLESVILLE RD,36,36
27.6789,DENNISSANS AVE,1,1
27.6789,KERWIN RD,1,1
27.6789,PINEY BRANCH RD,2,2
27.6789,UNISSANVERSITY BLVD E,98,98
27.6789,UNISSANVERSITY BLVD W,141,141
27.6789,WILLIAMSBURG DR,2,2
28.3283,,7,7
28.3283,11TH AVE,1,1
28.3283,ATHERTON DR,2,2
28.3283,BRIGHTVIEW ST,2,2
28.3283,CONNECTICUT AVE,251,251
28.3283,CONNECTICUT AVE SERVICE RD,9,9
28.3283,DEAN RD,2,2
28.3283,GEORGIA AVE,15,15
28.3283,NORBECK RD,1,1
28.3283,RANDOLPH RD,29,29
28.3283,VEIRS MILL RD,37,37
28.6361,GREAT SENECA HWY,120,120
28.6361,KENACURAANDS BLVD,7,7
28.6361,LAKELANDS DR,1,1
28.6361,MUDDY BRANCH RD,10,10
28.6361,QUINCE ORCHARD RD,2,2
28.6361,SAM EIG HWY,8,8
28.6361,W DEER PARK RD,2,2
28.8268,NO NAME,1,1
28.8268,RAMP 7 FR IS 370 WB TO MD 355 SB,8,8
28.8268,SHADY GROVE RD,2,2
28.9478,,5,5
28.9478,CINNAMON DR,4,4
28.9478,CLOPPER RD,368,368
28.9478,FIRSTFIELD RD,12,12
28.9478,FREDERICK RD,2,2
28.9478,GREAT SENECA HWY,3,3
28.9478,LONGDRAFT RD,2,2
28.9478,MATENY RD,2,2
28.9478,PHEASANT RUN DR,2,2
28.9478,QUINCE ORCHARD RD,6,6
28.9478,W DIAMOND AVE,4,4
28.9478,W WATKINS MILL RD,2,2
28.9478,WARING STATION RD,1,1
29.5188,,1,1
29.5188,DARNESTOWN RD,1,1
29.5188,EISENHOWER MEMORIAL HWY,2,2
29.5188,HURLEY AVE,10,10
29.5188,RAMP 6 FR MD 28 EB TO IS 270 SB,1,1
29.5188,RESEARCH BLVD,3,3
29.5188,SHADY GROVE RD,4,4
29.5188,W GUDE DR,5,5
29.5188,W MONTGOMERY AVE,107,107
29.5188,WOOD HILL RD,2,2
29.6818,,12,12
29.6818,EDGEBROOK RD,1,1
29.6818,PARKLAND DR,2,2
29.6818,RANDOLPH RD,7,7
29.6818,VEIRS MILL RD,229,229
30.6358,FALLS CHAPEL WAY,2,2
30.6358,FALLS RD,104,104
30.6358,KERSEY LA,1,1
30.6358,MARSEILLE DR,2,2
30.6358,MONTROSE RD,2,2
30.6358,RIVER RD,4,4
30.6358,S GLEN RD,3,3
30.6358,WOOTTON PKENWORTHY,2,2
30.6776,,7,7
30.6776,BREGMAN RD,3,3
30.6776,CONNECTICUT AVE,2,2
30.6776,GARDEN GATE RD,2,2
30.6776,GEORGIA AVE,10,10
30.6776,GLENMONT CIR #1,4,4
30.6776,HAMMONTON PL,1,1
30.6776,HAMMONTON RD,2,2
30.6776,HAWKESBURY LA,5,5
30.6776,IVY GLEN RD,1,1
30.6776,KEMP MILL RD,3,3
30.6776,LOCKSLEY LA,5,5
30.6776,NEW HAMPSHIRE AVE,7,7
30.6776,RANDOLPH RD,404,404
30.6776,VEIRS MILL SERV RD,1,1
30.9547,BILLINGTON RD,1,1
30.9547,BRIGGS CHANEY RD,2,2
30.9547,BROADBIRCH DR,2,2
30.9547,CHERRY HILL RD,2,2
30.9547,E RANDOLPH,2,2
30.9547,E RANDOLPH RD,192,192
30.9547,FAIRLAND RD,2,2
30.9547,OLD COLUMBIA PIKE,6,6
30.9547,STRATFORD GARDEN DR,3,3
31.0648,,7,7
31.0648,BROADBIRCH DR,2,2
31.0648,E RANDOLPH RD,4,4
31.0648,ELDRID DR,2,2
31.0648,EMORY CHURCH RD,1,1
31.0648,NEW HAMPSHIRE AVE,224,224
31.0648,NORA DR,2,2
31.0648,NORCROSS WAY,2,2
31.0648,RANDOLPH RD,2,2
31.0648,SANDY SPRING RD,3,3
31.0648,VENISSANCE DR,2,2
31.0648,VITAL WAY,2,2
31.0648,WOLF DR,2,2
32.0862,,1,1
32.0862,DREWS CT,2,2
32.0862,FALLS RD,8,8
32.0862,RIVER RD,53,53
32.6455,,3,3
32.6455,DARNESTOWN RD,131,131
32.6455,DUFIEF DR,2,2
32.6455,FREDERICK RD,2,2
32.6455,GREAT SENECA HWY,4,4
32.6455,KEY WEST AVE,86,86
32.6455,MAIN ST,1,1
32.6455,MUDDY BRANCH RD,3,3
32.6455,OMEGA DR,3,3
32.6455,ROCKVILLE PIKE,2,2
32.6455,SHADY GROVE RD,6,6
32.6455,VEIRS MILL RD,2,2
32.6455,W MONTGOMERY AVE,5,5
33.2603,,13,13
33.2603,CALVERTON BLVD,2,2
33.2603,CAPITAL BELTWAY,3,3
33.2603,CHALMERS RD,1,1
33.2603,ELTON RD,1,1
33.2603,LOCKENWORTHOOD DR,2,2
33.2603,NEW HAMPSHIRE AVE,336,336
33.2603,POWDER MILL RD,7,7
33.2627,,5,5
33.2627,CLARKSBURG RD,2,2
33.2627,FREDERICK RD,63,63
33.7246,,3,3
33.7246,BROOKVILLE RD,2,2
33.7246,CABIN JOHN PKENWORTHY,1,1
33.7246,CHEVROLET CHASE LAKE DR,1,1
33.7246,CONNECTICUT AVE,222,222
33.7246,DENFELD AVE,2,2
33.7246,EAST WEST HWY,2,2
33.7246,KENSINGTON PKENWORTHY,4,4
33.7246,MANOR RD,4,4
33.8381,,27,27
33.8381,BETHESDA AVE,1,1
33.8381,BRADLEY BLVD,1,1
33.8381,BRADLEY LA,2,2
33.8381,CHELTENHAM DR,4,4
33.8381,COMMERCEDES-BENZE LA,2,2
33.8381,FALLS RD,2,2
33.8381,MONTAUK AVE,1,1
33.8381,OLD GEORGETOWN RD,2,2
33.8381,QUINTON RD,1,1
33.8381,ROCKVILLE PIKE,137,137
33.8381,ROSEDALE AVE,2,2
33.8381,SEVEN LOCKS RD,2,2
33.8381,SOUTH DR,2,2
33.8381,WISCONSIN AVE,285,285
33.8381,WISCONSIN CIR,11,11
34.5986,COLUMBIA PIKE,2,2
34.5986,MCKNEW RD,3,3
34.5986,RAMP 4 FR US 29 NB TO MD 198 EB,2,2
34.5986,SANDY SPRING RD,76,76
34.6116,,1,1
34.6116,EDSON LA,2,2
34.6116,EXECUTIVE BLVD,1,1
34.6116,HOYA ST,2,2
34.6116,MONTROSE PKENWORTHY,4,4
34.6116,MONTROSE RD,2,2
34.6116,NISSANCHOLSON LA,4,4
34.6116,OLD GEORGETOWN RD,123,123
34.6116,OLD GEORGETOWN ROAD,2,2
34.6116,PROSE ST,2,2
34.6116,ROCKVILLE PIKE,5,5
34.6116,TUCKERMAN LA,4,4
35.4726,,1,1
35.4726,E JEFFERSON ST,2,2
35.4726,MONTROSE PKENWORTHY,10,10
35.4726,MONTROSE RD,129,129
35.4726,TILDENWOOD DR,2,2
35.4726,TOWER OAKS BLVD,1,1
35.5738,,2,2
35.5738,BELVEDERE BLVD,2,2
35.5738,CAPITAL BELTWAY,5,5
35.5738,DAYTON ST,3,3
35.5738,DEXTER AVE,1,1
35.5738,FOREST GLEN RD,2,2
35.5738,GEORGIA AVE,416,416
35.5738,HILDAROSE DR,1,1
35.5738,WINDHAM LA,2,2
36.0522,,4,4
36.0522,DEMOCRACY BLVD,67,67
36.0522,EISENHOWER MEMORIAL HWY,2,2
36.0522,FALLS RD,2,2
36.0522,NO NAME,2,2
36.0522,SEVEN LOCKS RD,13,13
36.0522,SWANSONG WAY,2,2
37.557,EISENHOWER MEMORIAL HWY,13,13
37.557,MIDDLEBROOK RD,1,1
37.5902,RIVER RD,152,152
37.5902,RIVER RD SERV DR,2,2
37.5902,WILSON LA,4,4
39.0047,,4,4
39.0047,BENALDER DR,1,1
39.0047,CLARA BARTON PKENWORTHY,2,2
39.0047,GOLDSBORO RD,2,2
39.0047,MACARTHUR BLVD,78,78
39.0047,PRINCETON AVE,1,1
39.0047,WILSON LA,2,2
40.7839,,3,3
40.7839,KINGS VALLEY RD,2,2
40.7839,RIDGE RD,281,281
40.7839,SKYLARK RD,3,3
40.7839,STRATHMORE AVE,2,2
42.2096,EISENHOWER MEMORIAL HWY,7,7
42.2096,OLD GEORGETOWN RD,2,2
42.2096,RAMP 8 FR MD 187B SB TO IS 270 WB,2,2
42.2096,ROCKLEDGE BLVD,2,2
42.2096,ROCKLEDGE DR,6,6
42.2096,UNKNOWNRSTATE 270 (N/B),3,3
42.3901,CAPITAL BELTWAY,8,8
43.3116,FREDERICK RD,2,2
43.3116,NO NAME,4,4
43.3116,SAM EIG HWY,1,1
43.3116,UNKNOWNRCOUNTY CONNECTOR,1,1
43.3907,,5,5
43.3907,EDSON LA,2,2
43.3907,GROSVENOR LA,4,4
43.3907,MARINELLI RD,2,2
43.3907,NISSANCHOLSON LA,2,2
43.3907,OLD GEORGETOWN RD,8,8
43.3907,ROCKVILLE PIKE,276,276
43.3907,TUCKERMAN LA,2,2
43.3907,WICKSHIRE WAY,2,2
43.6613,,1,1
43.6613,CAPITAL BELTWAY,5,5
44.4986,CAPITAL BELTWAY,17,17
44.4986,ROCKVILLE PIKE,5,5
44.6967,EISENHOWER MEMORIAL HWY,10,10
44.6967,QUINCE ORCHARD RD,2,2
44.856,,44,44
44.856,BOU AVE,2,2
44.856,DARNESTOWN RD,4,4
44.856,EDMONSTON DR,6,6
44.856,FIRST ST,2,2
44.856,GOLDSBOROUGH DR,1,1
44.856,HALPINE RD,7,7
44.856,MONTROSE RD,2,2
44.856,N WASHINGTON ST,2,2
44.856,REDLAND BLVD,2,2
44.856,ROCKVILLE PIKE,465,465
44.856,ROLLINS AVE,2,2
44.856,TALBOTT ST,1,1
44.856,TEMPLETON PL,4,4
44.856,THOMPSON AVE,1,1
44.856,TWINBROOK PKENWORTHY,2,2
44.856,VEIRS MILL RD,5,5
44.856,W MONTGOMERY AVE,2,2
45.0118,BESTOR DR,2,2
45.0118,NOACURAEY RD,3,3
45.0118,UNKNOWNRCOUNTY CONNECTOR,4,4
45.6587,EISENHOWER MEMORIAL HWY,21,21
45.6587,GERMANTOWN RD,4,4
45.8209,CAPITAL BELTWAY,14,14
45.8209,UNISSANVERSITY BLVD E,2,2
46.8945,,1,1
46.8945,AVERY RD,2,2
46.8945,BAUER DR,2,2
46.8945,E GUDE DR,3,3
46.8945,EISENHOWER MEMORIAL HWY,2,2
46.8945,GEORGIA AVE,13,13
46.8945,MUNCASTER MILL RD,2,2
46.8945,NORBECK RD,278,278
50.5655,,2,2
50.5655,COLUMBIA PIKE,286,286
50.5655,INDUSTRIAL PKENWORTHY,7,7
50.5655,OLD COLUMBIA PIKE,18,18
50.5655,RAMP 2 FR CHERRY HILL RD WB TO US 29 NB,2,2
50.5655,RAMP 5 FR RAMP 8 (US29SB) TO RANDOLPH RD,2,2
50.5655,STEWART LA,9,9
50.5655,TECH RD,10,10
51.1074,,42,42
51.1074,BROOKS AVE,2,2
51.1074,CENTRAL AVE,2,2
51.1074,CHESTNUT ST,6,6
51.1074,CHRISTOPHER AVE,6,6
51.1074,E DIAMOND AVE,2,2
51.1074,EDUCATION BLVD,2,2
51.1074,FREDERICK RD,596,596
51.1074,LAKE FOREST BLVD,2,2
51.1074,MIDCOUNTY HWY,2,2
51.1074,MONTGOMERY AVE,3,3
51.1074,MONTGOMERY VILLAGE AVE,5,5
51.1074,N WESACURAAND DR,2,2
51.1074,OAKMONT AVE,2,2
51.1074,ODENDHAL AVE,4,4
51.1074,ONEILL DR,1,1
51.1074,PARAMOUNT DR,2,2
51.1074,PINEY BRANCH RD,2,2
51.1074,PROFESSIONAL DR,2,2
51.1074,QUINCE ORCHARD RD,2,2
51.1074,S FREDERICK RD,163,163
51.1074,S SUMMIT AVE,2,2
51.1074,S WESACURAAND DR,1,1
51.1074,SHADY GROVE RD,4,4
51.1074,TRAVIS AVE,1,1
51.1074,UNISSANVERSITY BLVD E,2,2
51.1074,WATKINS MILL RD,4,4
51.1074,WHEATFIELD DR,1,1
52.1071,,1,1
52.1071,NO NAME,2,2
54.4428,,3,3
54.4428,BROOKEVILLE RD,1,1
54.4428,DAMASCUS RD,2,2
54.4428,GEORGIA AVE,101,101
54.4428,GOLD MINE RD,3,3
54.4428,HIGH ST,1,1
54.4428,MARKET ST,2,2
54.4428,MT CARMEL CEMETERY RD,3,3
54.4428,NEW HAMPSHIRE AVE,2,2
54.4428,OLNEY SANDY SPRING RD,4,4
54.4428,OWENS RD,1,1
54.4428,PRINCE PHILIP DR,2,2
54.4428,QUEEN ELIZABETH DR,2,2
54.4428,WATER ST,2,2
55.4645,NEW HAMPSHIRE AVE,2,2
55.4645,UNKNOWNRCOUNTY CONNECTOR,1,1
56.0303,,33,33
56.0303,CABIN JOHN PKENWORTHY,1,1
56.0303,CHURCH ST,6,6
56.0303,COLLEGE PKENWORTHY,2,2
56.0303,DODGE ST,2,2
56.0303,E GUDE DR,11,11
56.0303,E MIDDLE LA,2,2
56.0303,FREDERICK RD,242,242
56.0303,HALPINE RD,1,1
56.0303,HUNGERFORD DR,154,154
56.0303,NORBECK RD,1,1
56.0303,PARK RD,3,3
56.0303,REDLAND RD,7,7
56.0303,ROCKVILLE PIKE,31,31
56.0303,SHADY GROVE RD,8,8
56.0303,VEIRS MILL RD,28,28
56.0303,W GUDE DR,4,4
56.0303,W MONTGOMERY AVE,2,2
56.0303,WATKINS POND BLVD,2,2
56.1375,CAPITAL BELTWAY,2,2
56.1375,EISENHOWER MEMORIAL HWY,15,15
56.1375,RAMP 1 FR MD 355 NB TO IS 270 WB,1,1
56.1375,ROCKLEDGE DR,2,2
56.1375,SEVEN LOCKS RD,3,3
56.8242,LITACURAE SENECA PKENWORTHY,1,1
56.8242,UNKNOWNRCOUNTY CONNECTOR,2,2
57.1039,COLUMBIA PIKE,35,35
57.1039,SANDY SPRING RD,3,3
60.2904,,11,11
60.2904,CAPITAL BELTWAY,2,2
60.2904,COLESVILLE RD,256,256
60.2904,COLUMBIA PIKE,215,215
60.2904,HILLWOOD DR,2,2
60.2904,LOCKENWORTHOOD DR,6,6
60.2904,LORAIN AVE,2,2
60.2904,NEW HAMPSHIRE AVE,3,3
60.2904,NORTHWEST DR,2,2
60.2904,PLYMOUTH ST,1,1
60.2904,PRELUDE DR,2,2
60.2904,SPRING ST,2,2
60.2904,UNISSANVERSITY BLVD E,28,28
60.2904,UNISSANVERSITY BLVD W,1,1
63.614,CAPITAL BELTWAY,2,2
63.614,OLD GEORGETOWN RD,2,2
70.6738,,2,2
70.6738,BLACKBURN RD,5,5
70.6738,BRIGGS CHANEY RD,5,5
70.6738,COLUMBIA PIKE,221,221
70.6738,FAIRLAND RD,6,6
70.6738,OLD COLUMBIA PIKE,5,5
70.6738,SANDY SPRING RD,2,2
72.6698,EISENHOWER MEMORIAL HWY,24,24
72.6698,RAMP 1 FR IS 270 NB TO MD 28 WB,3,3
74.2313,EISENHOWER MEMORIAL HWY,12,12
74.2313,FIRST ST,2,2
74.2313,HUNGERFORD DR,2,2
102.3979,EISENHOWER MEMORIAL HWY,11,11
102.3979,FALLS RD,1,1
103.0528,EISENHOWER MEMORIAL HWY,4,4
106.6422,EISENHOWER MEMORIAL HWY,18,18
106.6422,FATHER HURLEY BLVD,1,1
106.6422,HUNGERFORD DR,2,2
110.1001,CAPITAL BELTWAY,35,35
110.1001,RAMP 4 FR MD 650 NB TO IS 495 EB,2,2
110.1001,UNISSANVERSITY BLVD E,3,3
110.3292,CAPITAL BELTWAY,60,60
110.3292,COLESVILLE RD,2,2
110.8026,BUREAU DR,1,1
110.8026,EISENHOWER MEMORIAL HWY,28,28
110.8026,RAMP 8 FR RAMP 5 TO SHADY GROVE RD,1,1
110.8026,S/B I-270,4,4
110.8331,EISENHOWER MEMORIAL HWY,30,30
110.8331,UNKNOWNRSTATE 270 S/B,2,2
112.5553,,1,1
112.5553,UNKNOWNRCOUNTY CONNECTOR,7,7
114.8737,CAPITAL BELTWAY,67,67
114.8737,CONNECTICUT AVE,2,2
114.8737,RAMP 2 FR IS 495 WB TO MD 193 NB,1,1
117.8291,,1,1
117.8291,EISENHOWER MEMORIAL HWY,30,30
123.7503,CAPITAL BELTWAY,2,2
127.8091,,1,1
127.8091,EISENHOWER MEMORIAL HWY,31,31
127.8091,RANDOLPH RD,4,4
127.8091,SAM EIG HWY,2,2
135.1456,CAPITAL BELTWAY,15,15
135.1456,I-495 S/B,3,3
139.745,CAPITAL BELTWAY,18,18
157.0723,,1,1
157.0723,EISENHOWER MEMORIAL HWY,67,67
157.0723,METRO ACCESS RD,1,1
157.0723,MIDDLEBROOK RD,2,2
157.0723,RAMP 8 FR IS 270 SB TO MD 124 WB,3,3
157.0723,ROCKVILLE PIKE,2,2
157.0723,W DIAMOND AVE,1,1
157.0723,WATKINS MILL RD,2,2
157.0723,WEST WATKINS MILL ROAD,2,2
170.02,CAPITAL BELTWAY,57,57
